Workbook

Sheet 데이터 만드는 순서 및 담당자
A1: ***의존관계 확인*** | B1: 테이블 | C1: 삽입단계 | D1: 분류 | E1: 담당자 | F1: 클라우드에 올렸는지 여부 | H1: 분류 | I1: 담당자
A2: 1. **tblSubject** - 과목 정보 | B2: tblSubject | C2: 1 | D2: 과정 | E2: =iferror(VLOOKUP(D2,$H$1:$I$7,2,0),"") -> 구윤 | F2: INSERT | H2: 학생 | I2: 재만, 홍건
A3: 2. **tblCompletionStatus** - 수료 상태 | B3: tblCompletionStatus | C3: 1 | D3: 학생 | E3: =iferror(VLOOKUP(D3,$H$1:$I$7,2,0),"") -> 재만, 홍건 | F3: INSERT | H3: 시험 | I3: 서진
A4: 3. **tblAttendanceCategory** - 출석 카테고리 | B4: tblAttendanceCategory | C4: 1 | D4: 출결 | E4: =iferror(VLOOKUP(D4,$H$1:$I$7,2,0),"") -> 보영 | F4: INSERT | H4: 기타 | I4: 서진
A5: 4. **tblTextBook** - 교재 정보 | B5: tblTextBook | C5: 1 | D5: 과정 | E5: =iferror(VLOOKUP(D5,$H$1:$I$7,2,0),"") -> 구윤 | F5: INSERT | H5: 출결 | I5: 보영
A6: 5. **tblQuestionBank** - 문제은행 | B6: tblQuestionBank | C6: 1 | D6: 시험 | E6: =iferror(VLOOKUP(D6,$H$1:$I$7,2,0),"") -> 서진 | F6: INSERT | H6: 게시판 | I6: 보영
A7: 6. **tblApplicant** - 지원자 정보 | B7: tblApplicant | C7: 1 | D7: 학생 | E7: =iferror(VLOOKUP(D7,$H$1:$I$7,2,0),"") -> 재만, 홍건 | F7: INSERT | H7: 과정 | I7: 구윤
A8: 7. **tblReward** - 상품 정보 | B8: tblReward | C8: 1 | D8: 기타 | E8: =iferror(VLOOKUP(D8,$H$1:$I$7,2,0),"") -> 서진 | F8: INSERT
A9: 8. **tblAdmin** - 관리자 정보 | B9: tblAdmin | C9: 1 | D9: 기타 | E9: =iferror(VLOOKUP(D9,$H$1:$I$7,2,0),"") -> 서진 | F9: INSERT
A10: 9. **tblAnswerStatus** - 답변 상태 | B10: tblAnswerStatus | C10: 1 | D10: 게시판 | E10: =iferror(VLOOKUP(D10,$H$1:$I$7,2,0),"") -> 보영 | F10: INSERT
A11: 10. **tblTeacher** - 강사 정보 | B11: tblTeacher | C11: 1 | D11: 과정 | E11: =iferror(VLOOKUP(D11,$H$1:$I$7,2,0),"") -> 구윤 | F11: INSERT
A12: 11. **tblClassroom** - 강의실 정보 | B12: tblClassroom | C12: 1 | D12: 과정 | E12: =iferror(VLOOKUP(D12,$H$1:$I$7,2,0),"") -> 구윤 | F12: INSERT
A13: 12. **tblExamConversionRatio** - 시험 배점 (의존 없음) | B13: tblExamConversionRatio | C13: 1 | D13: 기타 | E13: =iferror(VLOOKUP(D13,$H$1:$I$7,2,0),"") -> 서진 | F13: INSERT
A14: 39. **tblHoliday** 공휴일 관리 (의존 없음) | B14: tblHoliday | C14: 1 | D14: 출결 | E14: 구윤 | F14: INSERT | G14: 24년~26년 공휴일 정보입력
E15: =iferror(VLOOKUP(D15,$H$1:$I$7,2,0),"")
A16: ## 2단계: 1단계 테이블에 의존하는 자식 테이블들 | E16: =iferror(VLOOKUP(D16,$H$1:$I$7,2,0),"")
A17: 13. **tblInterviewedStudent** - (tblApplicant 의존) | B17: tblInterviewedStudent | C17: 2 | D17: 학생 | E17: =iferror(VLOOKUP(D17,$H$1:$I$7,2,0),"") -> 재만, 홍건 | F17: INSERT
A18: 14. **tblLocker** - (tblClassroom 의존) | B18: tblLocker | C18: 2 | D18: 과정 | E18: =iferror(VLOOKUP(D18,$H$1:$I$7,2,0),"") -> 구윤 | F18: INSERT
A19: 15. **tblExamSheet** - (tblSubject 의존) | B19: tblExamSheet | C19: 2 | D19: 시험 | E19: =iferror(VLOOKUP(D19,$H$1:$I$7,2,0),"") -> 서진 | F19: INSERT
A20: 16. **tblQnaAnswer** - (tblTeacher 의존) | B20: tblQnaAnswer | C20: 2 | D20: 게시판 | E20: =iferror(VLOOKUP(D20,$H$1:$I$7,2,0),"") -> 보영 | F20: INSERT
E21: =iferror(VLOOKUP(D21,$H$1:$I$7,2,0),"")
A22: ## 3단계: 2단계 테이블에 의존하는 자식 테이블들 | E22: =iferror(VLOOKUP(D22,$H$1:$I$7,2,0),"")
A23: 17. **tblPassedStudent** - (tblInterviewedStudent 의존) | B23: tblPassedStudent | C23: 3 | D23: 학생 | E23: =iferror(VLOOKUP(D23,$H$1:$I$7,2,0),"") -> 재만, 홍건 | F23: INSERT
A24: 18. **tblOpenCourse** - (tblClassroom, tblTeacher 의존) | B24: tblOpenCourse | C24: 3 | D24: 과정 | E24: =iferror(VLOOKUP(D24,$H$1:$I$7,2,0),"") -> 구윤 | F24: INSERT
A25: 19. **tblExamInfo** - (tblExamSheet 의존) | B25: tblExamInfo | C25: 3 | D25: 시험 | E25: =iferror(VLOOKUP(D25,$H$1:$I$7,2,0),"") -> 서진 | F25: INSERT
E26: =iferror(VLOOKUP(D26,$H$1:$I$7,2,0),"")
A27: ## 4단계: 3단계 테이블에 의존하는 자식 테이블들 | E27: =iferror(VLOOKUP(D27,$H$1:$I$7,2,0),"")
A28: 20. **tblStudent** - (tblPassedStudent 의존) | B28: tblStudent | C28: 4 | D28: 학생 | E28: =iferror(VLOOKUP(D28,$H$1:$I$7,2,0),"") -> 재만, 홍건 | F28: INSERT
A29: 21. **tblDayAttendanceLog** - (tblStudent 의존) | B29: tblDayAttendanceLog | C29: 4 | D29: 출결 | E29: =iferror(VLOOKUP(D29,$H$1:$I$7,2,0),"") -> 보영 | F29: INSERT
A30: 22. **tblReviewRecord** - (tblStudent 의존) | B30: tblReviewRecord | C30: 4 | D30: 게시판 | E30: =iferror(VLOOKUP(D30,$H$1:$I$7,2,0),"") -> 보영 | F30: INSERT
A31: 23. **tblBookReceipt** - (tblOpenCourse, tblStudent, tblTextBook 의존) | B31: tblBookReceipt | C31: 4 | D31: 과정 | E31: =iferror(VLOOKUP(D31,$H$1:$I$7,2,0),"") -> 구윤 | F31: INSERT
A32: 24. **tblQnaAndCounselBoard** - (tblStudent, tblQnaAnswer, tblAnswerStatus 의존) | B32: tblQnaAndCounselBoard | C32: 4 | D32: 게시판 | E32: =iferror(VLOOKUP(D32,$H$1:$I$7,2,0),"") -> 보영 | F32: INSERT
A33: 25. **tblPracticalExamResult** - (tblStudent, tblExamInfo 의존) | B33: tblPracticalExamResult | C33: 4 | D33: 시험 | E33: =iferror(VLOOKUP(D33,$H$1:$I$7,2,0),"") -> 서진 | F33: INSERT
A34: 26. **tblStudentTotalScore** - (tblStudent 의존) | B34: tblStudentTotalScore | C34: 4 | D34: 시험 | E34: =iferror(VLOOKUP(D34,$H$1:$I$7,2,0),"") -> 서진 | F34: INSERT
A35: 27. **tblWrittenExamResult** - (tblStudent, tblExamInfo 의존) | B35: tblWrittenExamResult | C35: 4 | D35: 시험 | E35: =iferror(VLOOKUP(D35,$H$1:$I$7,2,0),"") -> 서진 | F35: INSERT
A36: 28. **tblCourseApplicationRecord** - (tblApplicant 의존) | B36: tblCourseApplicationRecord | C36: 4 | D36: 학생 | E36: =iferror(VLOOKUP(D36,$H$1:$I$7,2,0),"") -> 재만, 홍건 | F36: INSERT
A37: 29. **tblStudentCompletionStatus** - (tblStudent, tblCompletionStatus 의존) | B37: tblStudentCompletionStatus | C37: 4 | D37: 학생 | E37: =iferror(VLOOKUP(D37,$H$1:$I$7,2,0),"") -> 재만, 홍건 | F37: INSERT
A38: 30. **tblExamQuestionLink** - (tblExamSheet, tblQuestionBank 의존) | B38: tblExamQuestionLink | C38: 4 | D38: 시험 | E38: =iferror(VLOOKUP(D38,$H$1:$I$7,2,0),"") -> 서진 | F38: INSERT
A39: 31. **tblTeacherSubject** - (tblTeacher, tblSubject 의존) | B39: tblTeacherSubject | C39: 4 | D39: 과정 | E39: =iferror(VLOOKUP(D39,$H$1:$I$7,2,0),"") -> 구윤 | F39: INSERT
A40: 32. **tblJobPlacement** - (tblStudent 의존) | B40: tblJobPlacement | C40: 4 | D40: 기타 | E40: =iferror(VLOOKUP(D40,$H$1:$I$7,2,0),"") -> 서진 | F40: INSERT
E41: =iferror(VLOOKUP(D41,$H$1:$I$7,2,0),"")
A42: ## 5단계: 4단계 테이블에 의존하는 자식 테이블들 | E42: =iferror(VLOOKUP(D42,$H$1:$I$7,2,0),"")
A43: 33. **tblCourseStudentMapping** - (tblStudent, tblOpenCourse, tblLocker 의존) | B43: tblCourseStudentMapping | C43: 5 | D43: 학생 | E43: =iferror(VLOOKUP(D43,$H$1:$I$7,2,0),"") -> 재만, 홍건 | F43: INSERT
A44: 34. **tblAttendanceScore** - (tblDayAttendanceLog, tblAttendanceCategory 의존) | B44: tblAttendanceScore | C44: 5 | D44: 출결 | E44: =iferror(VLOOKUP(D44,$H$1:$I$7,2,0),"") -> 보영 | F44: INSERT
A45: 35. **tblReviewBoard** - (tblReviewRecord 의존) | B45: tblReviewBoard | C45: 5 | D45: 게시판 | E45: =iferror(VLOOKUP(D45,$H$1:$I$7,2,0),"") -> 보영 | F45: INSERT
A46: 36. **tblOutstandingStudentList** - (tblStudent, tblReward 의존) | B46: tblOutstandingStudentList | C46: 5 | D46: 학생 | E46: =iferror(VLOOKUP(D46,$H$1:$I$7,2,0),"") -> 재만, 홍건 | F46: INSERT
A47: 37. **tblCourseSubjectMapping** - (tblOpenCourse, tblTextBook, tblSubject 의존) | B47: tblCourseSubjectMapping | C47: 5 | D47: 과정 | E47: =iferror(VLOOKUP(D47,$H$1:$I$7,2,0),"") -> 구윤 | F47: INSERT
E48: =iferror(VLOOKUP(D48,$H$1:$I$7,2,0),"")
A49: ## 6단계: 5단계 테이블에 의존하는 자식 테이블들 | E49: =iferror(VLOOKUP(D49,$H$1:$I$7,2,0),"")
A50: 38. **tblQnAdeleteLog** - (tblAdmin, tblQnaAndCounselBoard 의존) | B50: tblQnAdeleteLog | C50: 1 | D50: 게시판 | E50: =iferror(VLOOKUP(D50,$H$1:$I$7,2,0),"") -> 보영 | F50: trigger로 insert 예정 | G50: 이거는 따로 게시판 4,5,6,7 번 삭제 하면 자동으로 로그 기록되게 진행

Sheet 데이터 insert참고내용
A1: 1 | B1: 외래키 무시하고 테이블 삭제 방법 | C1: DROP TABLE 테이블명 CASCADE CONSTRAINTS; | D1: 제일앞에 등호(=) 직접추가 컬럼네개짜리 예시 (숫자열, 문자열, 문자열, 숫자열) | E1: 숫자형식 컬럼 추가시 숫자 추가시 복붙(알파벳을 열번호에 맞게 수정 후 사용) | F1: 문자형식 컬럼 추가시 문자열 추가시 복붙(알파벳을 열번호에 맞게 수정후 사용)
A2: 2 | B2: insert 자동 함수 | C2: 인서트문 삽입하는 함수!!!!! 앞에 = 붙이기 / 본인 데이터 열 수 만큼 A2 B2 C2 추가 혹은 삭제 | D2: "INSERT INTO 테이블명 VALUES (" & A2 & ", '" & B2 & "', '" & C2 & "', " & D2 & ");" | E2: ," & E2 & " | F2: ,'" & E2 & "'
A3: 0 | B3: &' 문자열 넣는법 | C3: SET DEFINE OFF; | D3: <<-- 실행하면 세션이 종료되는 순간까지 & 문자열 입력가능 SQL Developer를 껐거나, 연결 탭을 닫거나, 재접속했거나 → 다시 기본값인 SET DEFINE ON;

Sheet 부모
B1: 부모 | C1: 한글이름 | D1: 부모 | E1: 분류 | F1: 담당 | G1: 상태 | I1: 분류 | J1: 갯수
A2: 2 | B2: tblCompletionStatus - 수료 상태 | D2: 부모 | E2: 학생 | F2: 홍건 | G2: 클라우드 인서트 완료 | H2: 1 | I2: {=unique(F2:F12)} -> 홍건 | J2: =COUNTIF($E$2:$E$100,I2) -> 0
A3: 6 | B3: tblApplicant - 지원자 정보(300명) | D3: 부모 | E3: 학생 | F3: 재만 | G3: 클라우드 인서트 완료 | H3: 2 | I3: 재만 | J3: =COUNTIF($E$2:$E$100,I3) -> 0
A4: 3 | B4: tblAttendanceCategory - 출석 카테고리 | D4: 부모 | E4: 출결 | H4: 3 | J4: =COUNTIF($E$2:$E$100,I4) -> 0
A5: 5 | B5: tblQuestionBank - 문제 은행 | D5: 부모 | E5: 시험 | H5: 4 | J5: =COUNTIF($E$2:$E$100,I5) -> 0
A6: 7 | B6: tblReward - 보상정보 | C6: 보상정보 | D6: 부모 | E6: 기타 | H6: 5 | J6: =COUNTIF($E$2:$E$100,I6) -> 0
A7: 11 | B7: tblExamConversionRatio - 시험 비율 (PK 없음, 자식 없음) | D7: 부모 | E7: 기타 | H7: 6 | J7: =COUNTIF($E$2:$E$100,I7) -> 0
A8: 8 | B8: tblAdmin - 관리자 정보 | D8: 부모 | E8: 기타 | H8: 7 | J8: =COUNTIF($E$2:$E$100,I8) -> 0
A9: 1 | B9: tblSubject - 과목 정보 | D9: 부모 | E9: 과정 | G9: 클라우드 인서트 완료 | H9: 8 | I9: 기타 | J9: =COUNTIF($E$2:$E$100,I9) -> 3
A10: 4 | B10: tblTextBook - 교재 정보 | D10: 부모 | E10: 과정 | G10: 클라우드 인서트 완료
A11: 9 | B11: tblAnswerStatus - 답변 상태 | D11: 부모 | E11: 게시판
A12: 10 | B12: tblTeacher - 강사 정보 | D12: 부모 | E12: 교사 | G12: 클라우드 인서트 완료
H14: 부모+자식 분류 | I14: 갯수 | K14: 학생
A15: 인서트문 삽입하는 함수!!!!! 앞에 = 붙이기 / 본인 데이터 열 수 만큼 A2 B2 C2 추가 혹은 삭제 / 안되면 디코나 카톡으로 문의 | G15: 1 | H15: {=UNIQUE(K14:K29)} -> 학생 | I15: =I2+'자식'!J2 -> #VALUE! | K15: 출결
G16: 2 | H16: 출결 | I16: =I3+'자식'!J3 -> #VALUE! | K16: 시험
A17: "INSERT INTO 테이블명 VALUES (" & A2 & ", '" & B2 & "', '" & C2 & "', " & D2 & ");" | G17: 3 | H17: 시험 | I17: =I4+'자식'!J4 -> 6 | K17: 사후처리
G18: 4 | H18: 사후처리 | I18: ='자식'!J5 -> 1 | K18: 교사
G19: 5 | H19: 교사 | I19: =I10+'자식'!J6+'자식'!J7 -> 5 | K19: 과정
G20: 6 | H20: 과정 | I20: =I8+'자식'!J7 -> 4 | K20: 게시판
G21: 7 | H21: 게시판 | I21: =I9+'자식'!J8 -> #VALUE! | K21: 학생
G22: 8 | H22: 보상 | I22: =I5 | K22: 출결
G23: 9 | H23: 독립 | I23: 1 | K23: 시험
G24: 10 | H24: 관리자 | I24: =I7 | K24: 보상
G25: 11 | H25: 기타 | I25: 3 | K25: 독립
K26: 관리자
K27: 과정
K28: 게시판
K29: 기타
M33: ='자식'!N20
G37: 데이터양많은순 | H37: AB | I37: 학생 | J37: 9 | K37: 재만,홍건
H38: C | I38: 시험/독립/보상/관리자/기타 | K38: 서진
H39: D | I39: 출결/사후처리/게시판 | K39: 보영
H40: E | I40: 과정/교사 | J40: 8 | K40: 구윤

Sheet 자식
B1: 자식 | C1: 한글이름 | D1: 부모 | E1: 분류 | F1: 담당 | G1: 상태
A2: 1 | B2: tblInterviewedStudent - 면접완료자 (tblApplicant 참조) | D2: 자식 | E2: 학생 | F2: 재만 | G2: 완 | H2: 1 | I2: {=unique(E2:E27)} -> 학생 | J2: =COUNTIF($E$2:$E$100,I2) -> 7
A3: 2 | B3: tblPassedStudent - 합격자 (tblInterviewedStudent 참조) | D3: 자식 | E3: 학생 | F3: 재만 | H3: 2 | I3: 출결 | J3: =COUNTIF($E$2:$E$100,I3) -> 2
A4: 3 | B4: tblStudent - 수강생 (tblPassedStudent 참조) | D4: 자식 | E4: 학생 | H4: 3 | I4: 시험 | J4: =COUNTIF($E$2:$E$100,I4) -> 6
A5: 18 | B5: tblCourseApplicationRecord - 수강신청내역 (tblApplicant 참조) | D5: 자식 | E5: 학생 | F5: 홍건 | H5: 4 | I5: 기타 | J5: =COUNTIF($E$2:$E$100,I5) -> 1
A6: 19 | B6: tblStudentCompletionStatus - 학생 수료 상태 (tblStudent, tblCompletionStatus 참조) | D6: 자식 | E6: 학생 | H6: 5 | I6: 교사 | J6: =COUNTIF($E$2:$E$100,I6) -> 1
A7: 23 | B7: tblCourseStudentMapping - 과정 학생 매핑 (tblStudent, tblOpenCourse, tblLocker 참조) | D7: 자식 | E7: 학생 | H7: 6 | I7: 과정 | J7: =COUNTIF($E$2:$E$100,I7) -> 4
A8: 26 | B8: tblOutstandingStudentList - 우수 학생 목록 (tblStudent, tblReward 참조) | D8: 자식 | E8: 학생 | H8: 7 | I8: 게시판 | J8: =COUNTIF($E$2:$E$100,I8) -> 5
A9: 10 | B9: tblDayAttendanceLog - 일일 출석 로그 (tblStudent 참조) | D9: 자식 | E9: 출결
A10: 24 | B10: tblAttendanceScore - 출석 점수 (tblDayAttendanceLog, tblAttendanceCategory 참조) | D10: 자식 | E10: 출결
A11: 7 | B11: tblExamSheet - 시험지 (tblSubject 참조) | D11: 자식 | E11: 시험
A12: 8 | B12: tblExamInfo - 시험 정보 (tblExamSheet 참조) | D12: 자식 | E12: 시험
A13: 14 | B13: tblPracticalExamResult - 실기 시험 결과 (tblStudent, tblExamInfo 참조) | D13: 자식 | E13: 시험
A14: 15 | B14: tblStudentTotalScore - 학생 총점 (tblStudent 참조) | D14: 자식 | E14: 시험
A15: 17 | B15: tblWrittenExamResult - 필기 시험 결과 (tblStudent, tblExamInfo 참조) | D15: 자식 | E15: 시험
A16: 20 | B16: tblExamQuestionLink - 시험지별문제 (tblExamSheet, tblQuestionBank 참조) | D16: 자식 | E16: 시험
A17: 22 | B17: tblJobPlacement - 취업 배치 (tblStudent 참조) | D17: 자식 | E17: 기타
A18: 21 | B18: tblTeacherSubject - 강사 과목 (tblTeacher, tblSubject 참조) | D18: 자식 | E18: 교사 | F18: 클라우드 인서트 완료
A19: 4 | B19: tblClassroom - 교실 | D19: 자식 | E19: 과정 | F19: 클라우드 인서트 완료
A20: 5 | B20: tblLocker - 사물함 (tblClassroom 참조) | D20: 자식 | E20: 과정
A21: 6 | B21: tblOpenCourse - 개설 과정 (tblClassroom, tblTeacher 참조) | D21: 자식 | E21: 과정
A22: 12 | B22: tblBookReceipt - 교재 수령 (tblOpenCourse, tblStudent, tblTextBook 참조) | D22: 자식 | E22: 과정
A23: 9 | B23: tblQnaAnswer - Q&A 답변 (tblTeacher 참조) | D23: 자식 | E23: 게시판
A24: 11 | B24: tblReviewRecord - 리뷰 기록 (tblStudent 참조) | D24: 자식 | E24: 게시판
A25: 13 | B25: tblQnaAndCounselBoard - Q&A 상담 게시판 (tblStudent, tblQnaAnswer, tblAnswerStatus 참조) | D25: 자식 | E25: 게시판 | G25: 11
A26: 16 | B26: tblQnAdeleteLog - Q&A 삭제 로그 (tblAdmin, tblQnaAndCounselBoard 참조) | D26: 자식 | E26: 게시판
A27: 25 | B27: tblReviewBoard - 리뷰 게시판 (tblReviewRecord 참조) | D27: 자식 | E27: 게시판
G37: 데이터양많은순

Sheet 출결유형
A1: 출결 종류 | B1: 출결배점 (이름변경) | C1: 출결 유형 번호 | E1: 출결유형 번호 | L1: 출결 종류 | M1: 출결유형 번호
A2: 출석 | B2: 0 | C2: seqAttendanceCategory.nextval | E2: 1 | F2: ="INSERT INTO tblAttendanceCategory VALUES (" & C2 & ", " & A2 & ", " & B2 & ");" -> INSERT INTO tblAttendanceCategory VALUES (seqAttendanceCategory.nextval, 출석, 0); | L2: 출석 | M2: 1
A3: 결석 | B3: -1 | C3: seqAttendanceCategory.nextval | E3: 2 | F3: ="INSERT INTO tblAttendanceCategory VALUES (" & C3 & ", " & A3 & ", " & B3 & ");" -> INSERT INTO tblAttendanceCategory VALUES (seqAttendanceCategory.nextval, 결석, -1); | L3: 결석 | M3: 2
A4: 조퇴 | B4: -0.25 | C4: seqAttendanceCategory.nextval | E4: 3 | F4: ="INSERT INTO tblAttendanceCategory VALUES (" & C4 & ", " & A4 & ", " & B4 & ");" -> INSERT INTO tblAttendanceCategory VALUES (seqAttendanceCategory.nextval, 조퇴, -0.25); | L4: 조퇴 | M4: 3
A5: 출석인정 | B5: 0 | C5: seqAttendanceCategory.nextval | E5: 4 | F5: ="INSERT INTO tblAttendanceCategory VALUES (" & C5 & ", " & A5 & ", " & B5 & ");" -> INSERT INTO tblAttendanceCategory VALUES (seqAttendanceCategory.nextval, 출석인정, 0); | L5: 출석인정 | M5: 4
A6: 지각 | B6: -0.25 | C6: seqAttendanceCategory.nextval | E6: 5 | F6: ="INSERT INTO tblAttendanceCategory VALUES (" & C6 & ", " & A6 & ", " & B6 & ");" -> INSERT INTO tblAttendanceCategory VALUES (seqAttendanceCategory.nextval, 지각, -0.25); | L6: 지각 | M6: 5
F8: COMMIT;
A12: 출결상태 | B12: 조건
A13: 결석 | B13: - 입실시간이 NULL 또는 퇴실시간이 NULL - 수업시간 < 4시간
A14: 조퇴 | B14: - 수업시간 ≥ 4시간 이지만 - 퇴실시간 < 17:50:00
A15: 지각 | B15: - 입실시간 >09:00:00 - 퇴실시간은 있고 수업시간 ≥ 4시간 AND 퇴실 ≥ 17:50:00
A16: 출석 | B16: - 입실시간 < 09:00:00 - 퇴실시간 ≥ 17:50:00 - 수업시간 ≥ 4시간

Sheet 출결점수
A1: 출결점수번호 | B1: 출결점수 | C1: 출결일지번호 | D1: 출결유형번호 | E1: 출결상태
A2: seqAttendanceScore.nextval | B2: =iferror(VLOOKUP(E2,'출결유형'!$A:$C,2,0),"") -> -0.25 | C2: 1 | D2: =iferror(VLOOKUP(E2,'출결유형'!$L:$M,2,0),"") -> 5 | E2: 지각 | G2: ="INSERT INTO tblAttendanceScore VALUES (" & A2 & ", " & B2 & ", " & C2 & ", " & D2 & ");" -> INSERT INTO tblAttendanceScore VALUES (seqAttendanceScore.nextval, -0.25, 1, 5);
A3: seqAttendanceScore.nextval | B3: =iferror(VLOOKUP(E3,'출결유형'!$A:$C,2,0),"") -> 0 | C3: 2 | D3: =iferror(VLOOKUP(E3,'출결유형'!$L:$M,2,0),"") -> 1 | E3: 출석 | G3: ="INSERT INTO tblAttendanceScore VALUES (" & A3 & ", " & B3 & ", " & C3 & ", " & D3 & ");" -> INSERT INTO tblAttendanceScore VALUES (seqAttendanceScore.nextval, 0, 2, 1);
A4: seqAttendanceScore.nextval | B4: =iferror(VLOOKUP(E4,'출결유형'!$A:$C,2,0),"") -> -0.25 | C4: 3 | D4: =iferror(VLOOKUP(E4,'출결유형'!$L:$M,2,0),"") -> 5 | E4: 지각 | G4: ="INSERT INTO tblAttendanceScore VALUES (" & A4 & ", " & B4 & ", " & C4 & ", " & D4 & ");" -> INSERT INTO tblAttendanceScore VALUES (seqAttendanceScore.nextval, -0.25, 3, 5);
A5: seqAttendanceScore.nextval | B5: =iferror(VLOOKUP(E5,'출결유형'!$A:$C,2,0),"") -> 0 | C5: 4 | D5: =iferror(VLOOKUP(E5,'출결유형'!$L:$M,2,0),"") -> 1 | E5: 출석 | G5: ="INSERT INTO tblAttendanceScore VALUES (" & A5 & ", " & B5 & ", " & C5 & ", " & D5 & ");" -> INSERT INTO tblAttendanceScore VALUES (seqAttendanceScore.nextval, 0, 4, 1);
A6: seqAttendanceScore.nextval | B6: =iferror(VLOOKUP(E6,'출결유형'!$A:$C,2,0),"") -> 0 | C6: 5 | D6: =iferror(VLOOKUP(E6,'출결유형'!$L:$M,2,0),"") -> 1 | E6: 출석 | G6: ="INSERT INTO tblAttendanceScore VALUES (" & A6 & ", " & B6 & ", " & C6 & ", " & D6 & ");" -> INSERT INTO tblAttendanceScore VALUES (seqAttendanceScore.nextval, 0, 5, 1);
A7: seqAttendanceScore.nextval | B7: =iferror(VLOOKUP(E7,'출결유형'!$A:$C,2,0),"") -> 0 | C7: 6 | D7: =iferror(VLOOKUP(E7,'출결유형'!$L:$M,2,0),"") -> 1 | E7: 출석 | G7: ="INSERT INTO tblAttendanceScore VALUES (" & A7 & ", " & B7 & ", " & C7 & ", " & D7 & ");" -> INSERT INTO tblAttendanceScore VALUES (seqAttendanceScore.nextval, 0, 6, 1);
A8: seqAttendanceScore.nextval | B8: =iferror(VLOOKUP(E8,'출결유형'!$A:$C,2,0),"") -> 0 | C8: 7 | D8: =iferror(VLOOKUP(E8,'출결유형'!$L:$M,2,0),"") -> 1 | E8: 출석 | G8: ="INSERT INTO tblAttendanceScore VALUES (" & A8 & ", " & B8 & ", " & C8 & ", " & D8 & ");" -> INSERT INTO tblAttendanceScore VALUES (seqAttendanceScore.nextval, 0, 7, 1);
A9: seqAttendanceScore.nextval | B9: =iferror(VLOOKUP(E9,'출결유형'!$A:$C,2,0),"") -> -0.25 | C9: 8 | D9: =iferror(VLOOKUP(E9,'출결유형'!$L:$M,2,0),"") -> 5 | E9: 지각 | G9: ="INSERT INTO tblAttendanceScore VALUES (" & A9 & ", " & B9 & ", " & C9 & ", " & D9 & ");" -> INSERT INTO tblAttendanceScore VALUES (seqAttendanceScore.nextval, -0.25, 8, 5);
A10: seqAttendanceScore.nextval | B10: =iferror(VLOOKUP(E10,'출결유형'!$A:$C,2,0),"") -> 0 | C10: 9 | D10: =iferror(VLOOKUP(E10,'출결유형'!$L:$M,2,0),"") -> 1 | E10: 출석 | G10: ="INSERT INTO tblAttendanceScore VALUES (" & A10 & ", " & B10 & ", " & C10 & ", " & D10 & ");" -> INSERT INTO tblAttendanceScore VALUES (seqAttendanceScore.nextval, 0, 9, 1);
A11: seqAttendanceScore.nextval | B11: =iferror(VLOOKUP(E11,'출결유형'!$A:$C,2,0),"") -> 0 | C11: 10 | D11: =iferror(VLOOKUP(E11,'출결유형'!$L:$M,2,0),"") -> 1 | E11: 출석 | G11: ="INSERT INTO tblAttendanceScore VALUES (" & A11 & ", " & B11 & ", " & C11 & ", " & D11 & ");" -> INSERT INTO tblAttendanceScore VALUES (seqAttendanceScore.nextval, 0, 10, 1);
A12: seqAttendanceScore.nextval | B12: =iferror(VLOOKUP(E12,'출결유형'!$A:$C,2,0),"") -> -0.25 | C12: 11 | D12: =iferror(VLOOKUP(E12,'출결유형'!$L:$M,2,0),"") -> 5 | E12: 지각 | G12: ="INSERT INTO tblAttendanceScore VALUES (" & A12 & ", " & B12 & ", " & C12 & ", " & D12 & ");" -> INSERT INTO tblAttendanceScore VALUES (seqAttendanceScore.nextval, -0.25, 11, 5);
A13: seqAttendanceScore.nextval | B13: =iferror(VLOOKUP(E13,'출결유형'!$A:$C,2,0),"") -> -0.25 | C13: 12 | D13: =iferror(VLOOKUP(E13,'출결유형'!$L:$M,2,0),"") -> 5 | E13: 지각 | G13: ="INSERT INTO tblAttendanceScore VALUES (" & A13 & ", " & B13 & ", " & C13 & ", " & D13 & ");" -> INSERT INTO tblAttendanceScore VALUES (seqAttendanceScore.nextval, -0.25, 12, 5);
... A841: seqAttendanceScore.nextval | B841: =iferror(VLOOKUP(E841,'출결유형'!$A:$C,2,0),"") -> 0 | C841: 840 | D841: =iferror(VLOOKUP(E841,'출결유형'!$L:$M,2,0),"") -> 1 | E841: 출석 | G841: ="INSERT INTO tblAttendanceScore VALUES (" & A841 & ", " & B841 & ", " & C841 & ", " & D841 & ");" -> INSERT INTO tblAttendanceScore VALUES (seqAttendanceScore.nextval, 0, 840, 1);

Sheet 출결일지
A1: 출결일지번호 | B1: 교육생번호 | C1: 수업날짜 | D1: 입실시간 | E1: 퇴실시간 | F1: 출결상태
A2: seqDayAttendanceLog.nextval | B2: 1 | C2: 45870 | D2: 45870.38 | E2: 45870.745 | F2: 지각 | H2: ="INSERT INTO tblDayAttendanceLog VALUES (" & A2 & ", " & B2 & ", " & "TO_DATE('" & TEXT(C2, "yyyy-mm-dd") & "', 'YYYY-MM-DD'), " & IF(D2="", "NULL", "TO_DATE('" & TEXT(C2, "yyyy-mm-dd") & " " & TEXT(D2, "hh:mm:ss") & "', 'YYYY-MM-DD HH24:MI:SS')") & ", " & IF(E2="", "NULL", "TO_DATE('" & TEXT(C2, "yyyy-mm-dd") & " " & TEXT(E2, "hh:mm:ss") & "', 'YYYY-MM-DD HH24:MI:SS')") & ");" -> INSERT INTO tblDayAttendanceLog VALUES (seqDayAttendanceLog.nextval, 1, TO_DATE('2025-08-01', 'YYYY-MM-DD'), TO_DATE('2025-08-01 09:07:00', 'YYYY-MM-DD HH24:MI:SS'), TO_DATE('2025-08-01 17:53:00', 'YYYY-MM-DD HH24:MI:SS'));
A3: seqDayAttendanceLog.nextval | B3: 2 | C3: 45870 | D3: 45870.351 | E3: 45870.747 | F3: 출석 | H3: ="INSERT INTO tblDayAttendanceLog VALUES (" & A3 & ", " & B3 & ", " & "TO_DATE('" & TEXT(C3, "yyyy-mm-dd") & "', 'YYYY-MM-DD'), " & IF(D3="", "NULL", "TO_DATE('" & TEXT(C3, "yyyy-mm-dd") & " " & TEXT(D3, "hh:mm:ss") & "', 'YYYY-MM-DD HH24:MI:SS')") & ", " & IF(E3="", "NULL", "TO_DATE('" & TEXT(C3, "yyyy-mm-dd") & " " & TEXT(E3, "hh:mm:ss") & "', 'YYYY-MM-DD HH24:MI:SS')") & ");" -> INSERT INTO tblDayAttendanceLog VALUES (seqDayAttendanceLog.nextval, 2, TO_DATE('2025-08-01', 'YYYY-MM-DD'), TO_DATE('2025-08-01 08:26:00', 'YYYY-MM-DD HH24:MI:SS'), TO_DATE('2025-08-01 17:55:00', 'YYYY-MM-DD HH24:MI:SS'));
A4: seqDayAttendanceLog.nextval | B4: 3 | C4: 45870 | D4: 45870.384 | E4: 45870.749 | F4: 지각 | H4: ="INSERT INTO tblDayAttendanceLog VALUES (" & A4 & ", " & B4 & ", " & "TO_DATE('" & TEXT(C4, "yyyy-mm-dd") & "', 'YYYY-MM-DD'), " & IF(D4="", "NULL", "TO_DATE('" & TEXT(C4, "yyyy-mm-dd") & " " & TEXT(D4, "hh:mm:ss") & "', 'YYYY-MM-DD HH24:MI:SS')") & ", " & IF(E4="", "NULL", "TO_DATE('" & TEXT(C4, "yyyy-mm-dd") & " " & TEXT(E4, "hh:mm:ss") & "', 'YYYY-MM-DD HH24:MI:SS')") & ");" -> INSERT INTO tblDayAttendanceLog VALUES (seqDayAttendanceLog.nextval, 3, TO_DATE('2025-08-01', 'YYYY-MM-DD'), TO_DATE('2025-08-01 09:13:00', 'YYYY-MM-DD HH24:MI:SS'), TO_DATE('2025-08-01 17:58:00', 'YYYY-MM-DD HH24:MI:SS'));
A5: seqDayAttendanceLog.nextval | B5: 4 | C5: 45870 | D5: 45870.335 | E5: 45870.745 | F5: 출석 | H5: ="INSERT INTO tblDayAttendanceLog VALUES (" & A5 & ", " & B5 & ", " & "TO_DATE('" & TEXT(C5, "yyyy-mm-dd") & "', 'YYYY-MM-DD'), " & IF(D5="", "NULL", "TO_DATE('" & TEXT(C5, "yyyy-mm-dd") & " " & TEXT(D5, "hh:mm:ss") & "', 'YYYY-MM-DD HH24:MI:SS')") & ", " & IF(E5="", "NULL", "TO_DATE('" & TEXT(C5, "yyyy-mm-dd") & " " & TEXT(E5, "hh:mm:ss") & "', 'YYYY-MM-DD HH24:MI:SS')") & ");" -> INSERT INTO tblDayAttendanceLog VALUES (seqDayAttendanceLog.nextval, 4, TO_DATE('2025-08-01', 'YYYY-MM-DD'), TO_DATE('2025-08-01 08:02:00', 'YYYY-MM-DD HH24:MI:SS'), TO_DATE('2025-08-01 17:53:00', 'YYYY-MM-DD HH24:MI:SS'));
A6: seqDayAttendanceLog.nextval | B6: 5 | C6: 45870 | D6: 45870.37 | E6: 45870.744 | F6: 출석 | H6: ="INSERT INTO tblDayAttendanceLog VALUES (" & A6 & ", " & B6 & ", " & "TO_DATE('" & TEXT(C6, "yyyy-mm-dd") & "', 'YYYY-MM-DD'), " & IF(D6="", "NULL", "TO_DATE('" & TEXT(C6, "yyyy-mm-dd") & " " & TEXT(D6, "hh:mm:ss") & "', 'YYYY-MM-DD HH24:MI:SS')") & ", " & IF(E6="", "NULL", "TO_DATE('" & TEXT(C6, "yyyy-mm-dd") & " " & TEXT(E6, "hh:mm:ss") & "', 'YYYY-MM-DD HH24:MI:SS')") & ");" -> INSERT INTO tblDayAttendanceLog VALUES (seqDayAttendanceLog.nextval, 5, TO_DATE('2025-08-01', 'YYYY-MM-DD'), TO_DATE('2025-08-01 08:53:00', 'YYYY-MM-DD HH24:MI:SS'), TO_DATE('2025-08-01 17:52:00', 'YYYY-MM-DD HH24:MI:SS'));
A7: seqDayAttendanceLog.nextval | B7: 6 | C7: 45870 | D7: 45870.358 | E7: 45870.748 | F7: 출석 | H7: ="INSERT INTO tblDayAttendanceLog VALUES (" & A7 & ", " & B7 & ", " & "TO_DATE('" & TEXT(C7, "yyyy-mm-dd") & "', 'YYYY-MM-DD'), " & IF(D7="", "NULL", "TO_DATE('" & TEXT(C7, "yyyy-mm-dd") & " " & TEXT(D7, "hh:mm:ss") & "', 'YYYY-MM-DD HH24:MI:SS')") & ", " & IF(E7="", "NULL", "TO_DATE('" & TEXT(C7, "yyyy-mm-dd") & " " & TEXT(E7, "hh:mm:ss") & "', 'YYYY-MM-DD HH24:MI:SS')") & ");" -> INSERT INTO tblDayAttendanceLog VALUES (seqDayAttendanceLog.nextval, 6, TO_DATE('2025-08-01', 'YYYY-MM-DD'), TO_DATE('2025-08-01 08:35:00', 'YYYY-MM-DD HH24:MI:SS'), TO_DATE('2025-08-01 17:57:00', 'YYYY-MM-DD HH24:MI:SS'));
A8: seqDayAttendanceLog.nextval | B8: 7 | C8: 45870 | D8: 45870.364 | E8: 45870.744 | F8: 출석 | H8: ="INSERT INTO tblDayAttendanceLog VALUES (" & A8 & ", " & B8 & ", " & "TO_DATE('" & TEXT(C8, "yyyy-mm-dd") & "', 'YYYY-MM-DD'), " & IF(D8="", "NULL", "TO_DATE('" & TEXT(C8, "yyyy-mm-dd") & " " & TEXT(D8, "hh:mm:ss") & "', 'YYYY-MM-DD HH24:MI:SS')") & ", " & IF(E8="", "NULL", "TO_DATE('" & TEXT(C8, "yyyy-mm-dd") & " " & TEXT(E8, "hh:mm:ss") & "', 'YYYY-MM-DD HH24:MI:SS')") & ");" -> INSERT INTO tblDayAttendanceLog VALUES (seqDayAttendanceLog.nextval, 7, TO_DATE('2025-08-01', 'YYYY-MM-DD'), TO_DATE('2025-08-01 08:44:00', 'YYYY-MM-DD HH24:MI:SS'), TO_DATE('2025-08-01 17:51:00', 'YYYY-MM-DD HH24:MI:SS'));
A9: seqDayAttendanceLog.nextval | B9: 8 | C9: 45870 | D9: 45870.375 | E9: 45870.745 | F9: 지각 | H9: ="INSERT INTO tblDayAttendanceLog VALUES (" & A9 & ", " & B9 & ", " & "TO_DATE('" & TEXT(C9, "yyyy-mm-dd") & "', 'YYYY-MM-DD'), " & IF(D9="", "NULL", "TO_DATE('" & TEXT(C9, "yyyy-mm-dd") & " " & TEXT(D9, "hh:mm:ss") & "', 'YYYY-MM-DD HH24:MI:SS')") & ", " & IF(E9="", "NULL", "TO_DATE('" & TEXT(C9, "yyyy-mm-dd") & " " & TEXT(E9, "hh:mm:ss") & "', 'YYYY-MM-DD HH24:MI:SS')") & ");" -> INSERT INTO tblDayAttendanceLog VALUES (seqDayAttendanceLog.nextval, 8, TO_DATE('2025-08-01', 'YYYY-MM-DD'), TO_DATE('2025-08-01 09:00:00', 'YYYY-MM-DD HH24:MI:SS'), TO_DATE('2025-08-01 17:53:00', 'YYYY-MM-DD HH24:MI:SS'));
A10: seqDayAttendanceLog.nextval | B10: 9 | C10: 45870 | D10: 45870.365 | E10: 45870.748 | F10: 출석 | H10: ="INSERT INTO tblDayAttendanceLog VALUES (" & A10 & ", " & B10 & ", " & "TO_DATE('" & TEXT(C10, "yyyy-mm-dd") & "', 'YYYY-MM-DD'), " & IF(D10="", "NULL", "TO_DATE('" & TEXT(C10, "yyyy-mm-dd") & " " & TEXT(D10, "hh:mm:ss") & "', 'YYYY-MM-DD HH24:MI:SS')") & ", " & IF(E10="", "NULL", "TO_DATE('" & TEXT(C10, "yyyy-mm-dd") & " " & TEXT(E10, "hh:mm:ss") & "', 'YYYY-MM-DD HH24:MI:SS')") & ");" -> INSERT INTO tblDayAttendanceLog VALUES (seqDayAttendanceLog.nextval, 9, TO_DATE('2025-08-01', 'YYYY-MM-DD'), TO_DATE('2025-08-01 08:45:00', 'YYYY-MM-DD HH24:MI:SS'), TO_DATE('2025-08-01 17:57:00', 'YYYY-MM-DD HH24:MI:SS'));
A11: seqDayAttendanceLog.nextval | B11: 10 | C11: 45870 | D11: 45870.351 | E11: 45870.747 | F11: 출석 | H11: ="INSERT INTO tblDayAttendanceLog VALUES (" & A11 & ", " & B11 & ", " & "TO_DATE('" & TEXT(C11, "yyyy-mm-dd") & "', 'YYYY-MM-DD'), " & IF(D11="", "NULL", "TO_DATE('" & TEXT(C11, "yyyy-mm-dd") & " " & TEXT(D11, "hh:mm:ss") & "', 'YYYY-MM-DD HH24:MI:SS')") & ", " & IF(E11="", "NULL", "TO_DATE('" & TEXT(C11, "yyyy-mm-dd") & " " & TEXT(E11, "hh:mm:ss") & "', 'YYYY-MM-DD HH24:MI:SS')") & ");" -> INSERT INTO tblDayAttendanceLog VALUES (seqDayAttendanceLog.nextval, 10, TO_DATE('2025-08-01', 'YYYY-MM-DD'), TO_DATE('2025-08-01 08:26:00', 'YYYY-MM-DD HH24:MI:SS'), TO_DATE('2025-08-01 17:56:00', 'YYYY-MM-DD HH24:MI:SS'));
A12: seqDayAttendanceLog.nextval | B12: 11 | C12: 45870 | D12: 45870.403 | E12: 45870.749 | F12: 지각 | H12: ="INSERT INTO tblDayAttendanceLog VALUES (" & A12 & ", " & B12 & ", " & "TO_DATE('" & TEXT(C12, "yyyy-mm-dd") & "', 'YYYY-MM-DD'), " & IF(D12="", "NULL", "TO_DATE('" & TEXT(C12, "yyyy-mm-dd") & " " & TEXT(D12, "hh:mm:ss") & "', 'YYYY-MM-DD HH24:MI:SS')") & ", " & IF(E12="", "NULL", "TO_DATE('" & TEXT(C12, "yyyy-mm-dd") & " " & TEXT(E12, "hh:mm:ss") & "', 'YYYY-MM-DD HH24:MI:SS')") & ");" -> INSERT INTO tblDayAttendanceLog VALUES (seqDayAttendanceLog.nextval, 11, TO_DATE('2025-08-01', 'YYYY-MM-DD'), TO_DATE('2025-08-01 09:41:00', 'YYYY-MM-DD HH24:MI:SS'), TO_DATE('2025-08-01 17:58:00', 'YYYY-MM-DD HH24:MI:SS'));
A13: seqDayAttendanceLog.nextval | B13: 12 | C13: 45870 | D13: 45870.401 | E13: 45870.743 | F13: 지각 | H13: ="INSERT INTO tblDayAttendanceLog VALUES (" & A13 & ", " & B13 & ", " & "TO_DATE('" & TEXT(C13, "yyyy-mm-dd") & "', 'YYYY-MM-DD'), " & IF(D13="", "NULL", "TO_DATE('" & TEXT(C13, "yyyy-mm-dd") & " " & TEXT(D13, "hh:mm:ss") & "', 'YYYY-MM-DD HH24:MI:SS')") & ", " & IF(E13="", "NULL", "TO_DATE('" & TEXT(C13, "yyyy-mm-dd") & " " & TEXT(E13, "hh:mm:ss") & "', 'YYYY-MM-DD HH24:MI:SS')") & ");" -> INSERT INTO tblDayAttendanceLog VALUES (seqDayAttendanceLog.nextval, 12, TO_DATE('2025-08-01', 'YYYY-MM-DD'), TO_DATE('2025-08-01 09:37:00', 'YYYY-MM-DD HH24:MI:SS'), TO_DATE('2025-08-01 17:50:00', 'YYYY-MM-DD HH24:MI:SS'));
... A90: seqDayAttendanceLog.nextval | B90: 89 | C90: 45870 | D90: 45870.408 | E90: 45870.744 | F90: 지각 | H90: ="INSERT INTO tblDayAttendanceLog VALUES (" & A90 & ", " & B90 & ", " & "TO_DATE('" & TEXT(C90, "yyyy-mm-dd") & "', 'YYYY-MM-DD'), " & IF(D90="", "NULL", "TO_DATE('" & TEXT(C90, "yyyy-mm-dd") & " " & TEXT(D90, "hh:mm:ss") & "', 'YYYY-MM-DD HH24:MI:SS')") & ", " & IF(E90="", "NULL", "TO_DATE('" & TEXT(C90, "yyyy-mm-dd") & " " & TEXT(E90, "hh:mm:ss") & "', 'YYYY-MM-DD HH24:MI:SS')") & ");" -> INSERT INTO tblDayAttendanceLog VALUES (seqDayAttendanceLog.nextval, 89, TO_DATE('2025-08-01', 'YYYY-MM-DD'), TO_DATE('2025-08-01 09:47:00', 'YYYY-MM-DD HH24:MI:SS'), TO_DATE('2025-08-01 17:51:00', 'YYYY-MM-DD HH24:MI:SS'));
A91: seqDayAttendanceLog.nextval | B91: 90 | C91: 45870 | F91: 결석 | H91: ="INSERT INTO tblDayAttendanceLog VALUES (" & A91 & ", " & B91 & ", " & "TO_DATE('" & TEXT(C91, "yyyy-mm-dd") & "', 'YYYY-MM-DD'), " & IF(D91="", "NULL", "TO_DATE('" & TEXT(C91, "yyyy-mm-dd") & " " & TEXT(D91, "hh:mm:ss") & "', 'YYYY-MM-DD HH24:MI:SS')") & ", " & IF(E91="", "NULL", "TO_DATE('" & TEXT(C91, "yyyy-mm-dd") & " " & TEXT(E91, "hh:mm:ss") & "', 'YYYY-MM-DD HH24:MI:SS')") & ");" -> INSERT INTO tblDayAttendanceLog VALUES (seqDayAttendanceLog.nextval, 90, TO_DATE('2025-08-01', 'YYYY-MM-DD'), NULL, NULL);
A92: seqDayAttendanceLog.nextval | B92: 91 | C92: 45870 | F92: 결석 | H92: ="INSERT INTO tblDayAttendanceLog VALUES (" & A92 & ", " & B92 & ", " & "TO_DATE('" & TEXT(C92, "yyyy-mm-dd") & "', 'YYYY-MM-DD'), " & IF(D92="", "NULL", "TO_DATE('" & TEXT(C92, "yyyy-mm-dd") & " " & TEXT(D92, "hh:mm:ss") & "', 'YYYY-MM-DD HH24:MI:SS')") & ", " & IF(E92="", "NULL", "TO_DATE('" & TEXT(C92, "yyyy-mm-dd") & " " & TEXT(E92, "hh:mm:ss") & "', 'YYYY-MM-DD HH24:MI:SS')") & ");" -> INSERT INTO tblDayAttendanceLog VALUES (seqDayAttendanceLog.nextval, 91, TO_DATE('2025-08-01', 'YYYY-MM-DD'), NULL, NULL);
A93: seqDayAttendanceLog.nextval | B93: 92 | C93: 45870 | D93: 45870.375 | E93: 45870.745 | F93: 지각 | H93: ="INSERT INTO tblDayAttendanceLog VALUES (" & A93 & ", " & B93 & ", " & "TO_DATE('" & TEXT(C93, "yyyy-mm-dd") & "', 'YYYY-MM-DD'), " & IF(D93="", "NULL", "TO_DATE('" & TEXT(C93, "yyyy-mm-dd") & " " & TEXT(D93, "hh:mm:ss") & "', 'YYYY-MM-DD HH24:MI:SS')") & ", " & IF(E93="", "NULL", "TO_DATE('" & TEXT(C93, "yyyy-mm-dd") & " " & TEXT(E93, "hh:mm:ss") & "', 'YYYY-MM-DD HH24:MI:SS')") & ");" -> INSERT INTO tblDayAttendanceLog VALUES (seqDayAttendanceLog.nextval, 92, TO_DATE('2025-08-01', 'YYYY-MM-DD'), TO_DATE('2025-08-01 09:00:00', 'YYYY-MM-DD HH24:MI:SS'), TO_DATE('2025-08-01 17:53:00', 'YYYY-MM-DD HH24:MI:SS'));
A94: seqDayAttendanceLog.nextval | B94: 93 | C94: 45870 | D94: 45870.391 | E94: 45870.748 | F94: 지각 | H94: ="INSERT INTO tblDayAttendanceLog VALUES (" & A94 & ", " & B94 & ", " & "TO_DATE('" & TEXT(C94, "yyyy-mm-dd") & "', 'YYYY-MM-DD'), " & IF(D94="", "NULL", "TO_DATE('" & TEXT(C94, "yyyy-mm-dd") & " " & TEXT(D94, "hh:mm:ss") & "', 'YYYY-MM-DD HH24:MI:SS')") & ", " & IF(E94="", "NULL", "TO_DATE('" & TEXT(C94, "yyyy-mm-dd") & " " & TEXT(E94, "hh:mm:ss") & "', 'YYYY-MM-DD HH24:MI:SS')") & ");" -> INSERT INTO tblDayAttendanceLog VALUES (seqDayAttendanceLog.nextval, 93, TO_DATE('2025-08-01', 'YYYY-MM-DD'), TO_DATE('2025-08-01 09:23:00', 'YYYY-MM-DD HH24:MI:SS'), TO_DATE('2025-08-01 17:57:00', 'YYYY-MM-DD HH24:MI:SS'));
A95: seqDayAttendanceLog.nextval | B95: 94 | C95: 45870 | D95: 45870.349 | E95: 45870.744 | F95: 출석 | H95: ="INSERT INTO tblDayAttendanceLog VALUES (" & A95 & ", " & B95 & ", " & "TO_DATE('" & TEXT(C95, "yyyy-mm-dd") & "', 'YYYY-MM-DD'), " & IF(D95="", "NULL", "TO_DATE('" & TEXT(C95, "yyyy-mm-dd") & " " & TEXT(D95, "hh:mm:ss") & "', 'YYYY-MM-DD HH24:MI:SS')") & ", " & IF(E95="", "NULL", "TO_DATE('" & TEXT(C95, "yyyy-mm-dd") & " " & TEXT(E95, "hh:mm:ss") & "', 'YYYY-MM-DD HH24:MI:SS')") & ");" -> INSERT INTO tblDayAttendanceLog VALUES (seqDayAttendanceLog.nextval, 94, TO_DATE('2025-08-01', 'YYYY-MM-DD'), TO_DATE('2025-08-01 08:22:00', 'YYYY-MM-DD HH24:MI:SS'), TO_DATE('2025-08-01 17:52:00', 'YYYY-MM-DD HH24:MI:SS'));
A96: seqDayAttendanceLog.nextval | B96: 95 | C96: 45870 | D96: 45870.387 | E96: 45870.746 | F96: 지각 | H96: ="INSERT INTO tblDayAttendanceLog VALUES (" & A96 & ", " & B96 & ", " & "TO_DATE('" & TEXT(C96, "yyyy-mm-dd") & "', 'YYYY-MM-DD'), " & IF(D96="", "NULL", "TO_DATE('" & TEXT(C96, "yyyy-mm-dd") & " " & TEXT(D96, "hh:mm:ss") & "', 'YYYY-MM-DD HH24:MI:SS')") & ", " & IF(E96="", "NULL", "TO_DATE('" & TEXT(C96, "yyyy-mm-dd") & " " & TEXT(E96, "hh:mm:ss") & "', 'YYYY-MM-DD HH24:MI:SS')") & ");" -> INSERT INTO tblDayAttendanceLog VALUES (seqDayAttendanceLog.nextval, 95, TO_DATE('2025-08-01', 'YYYY-MM-DD'), TO_DATE('2025-08-01 09:18:00', 'YYYY-MM-DD HH24:MI:SS'), TO_DATE('2025-08-01 17:54:00', 'YYYY-MM-DD HH24:MI:SS'));
A97: seqDayAttendanceLog.nextval | B97: 96 | C97: 45870 | D97: 45870.367 | E97: 45870.58 | F97: 조퇴 | H97: ="INSERT INTO tblDayAttendanceLog VALUES (" & A97 & ", " & B97 & ", " & "TO_DATE('" & TEXT(C97, "yyyy-mm-dd") & "', 'YYYY-MM-DD'), " & IF(D97="", "NULL", "TO_DATE('" & TEXT(C97, "yyyy-mm-dd") & " " & TEXT(D97, "hh:mm:ss") & "', 'YYYY-MM-DD HH24:MI:SS')") & ", " & IF(E97="", "NULL", "TO_DATE('" & TEXT(C97, "yyyy-mm-dd") & " " & TEXT(E97, "hh:mm:ss") & "', 'YYYY-MM-DD HH24:MI:SS')") & ");" -> INSERT INTO tblDayAttendanceLog VALUES (seqDayAttendanceLog.nextval, 96, TO_DATE('2025-08-01', 'YYYY-MM-DD'), TO_DATE('2025-08-01 08:48:00', 'YYYY-MM-DD HH24:MI:SS'), TO_DATE('2025-08-01 13:55:00', 'YYYY-MM-DD HH24:MI:SS'));
A98: seqDayAttendanceLog.nextval | B98: 97 | C98: 45870 | D98: 45870.365 | E98: 45870.744 | F98: 출석 | H98: ="INSERT INTO tblDayAttendanceLog VALUES (" & A98 & ", " & B98 & ", " & "TO_DATE('" & TEXT(C98, "yyyy-mm-dd") & "', 'YYYY-MM-DD'), " & IF(D98="", "NULL", "TO_DATE('" & TEXT(C98, "yyyy-mm-dd") & " " & TEXT(D98, "hh:mm:ss") & "', 'YYYY-MM-DD HH24:MI:SS')") & ", " & IF(E98="", "NULL", "TO_DATE('" & TEXT(C98, "yyyy-mm-dd") & " " & TEXT(E98, "hh:mm:ss") & "', 'YYYY-MM-DD HH24:MI:SS')") & ");" -> INSERT INTO tblDayAttendanceLog VALUES (seqDayAttendanceLog.nextval, 97, TO_DATE('2025-08-01', 'YYYY-MM-DD'), TO_DATE('2025-08-01 08:45:00', 'YYYY-MM-DD HH24:MI:SS'), TO_DATE('2025-08-01 17:51:00', 'YYYY-MM-DD HH24:MI:SS'));
A99: seqDayAttendanceLog.nextval | B99: 98 | C99: 45870 | D99: 45870.348 | E99: 45870.743 | F99: 출석 | H99: ="INSERT INTO tblDayAttendanceLog VALUES (" & A99 & ", " & B99 & ", " & "TO_DATE('" & TEXT(C99, "yyyy-mm-dd") & "', 'YYYY-MM-DD'), " & IF(D99="", "NULL", "TO_DATE('" & TEXT(C99, "yyyy-mm-dd") & " " & TEXT(D99, "hh:mm:ss") & "', 'YYYY-MM-DD HH24:MI:SS')") & ", " & IF(E99="", "NULL", "TO_DATE('" & TEXT(C99, "yyyy-mm-dd") & " " & TEXT(E99, "hh:mm:ss") & "', 'YYYY-MM-DD HH24:MI:SS')") & ");" -> INSERT INTO tblDayAttendanceLog VALUES (seqDayAttendanceLog.nextval, 98, TO_DATE('2025-08-01', 'YYYY-MM-DD'), TO_DATE('2025-08-01 08:21:00', 'YYYY-MM-DD HH24:MI:SS'), TO_DATE('2025-08-01 17:50:00', 'YYYY-MM-DD HH24:MI:SS'));
A100: seqDayAttendanceLog.nextval | B100: 99 | C100: 45870 | D100: 45870.401 | E100: 45870.745 | F100: 지각 | H100: ="INSERT INTO tblDayAttendanceLog VALUES (" & A100 & ", " & B100 & ", " & "TO_DATE('" & TEXT(C100, "yyyy-mm-dd") & "', 'YYYY-MM-DD'), " & IF(D100="", "NULL", "TO_DATE('" & TEXT(C100, "yyyy-mm-dd") & " " & TEXT(D100, "hh:mm:ss") & "', 'YYYY-MM-DD HH24:MI:SS')") & ", " & IF(E100="", "NULL", "TO_DATE('" & TEXT(C100, "yyyy-mm-dd") & " " & TEXT(E100, "hh:mm:ss") & "', 'YYYY-MM-DD HH24:MI:SS')") & ");" -> INSERT INTO tblDayAttendanceLog VALUES (seqDayAttendanceLog.nextval, 99, TO_DATE('2025-08-01', 'YYYY-MM-DD'), TO_DATE('2025-08-01 09:37:00', 'YYYY-MM-DD HH24:MI:SS'), TO_DATE('2025-08-01 17:53:00', 'YYYY-MM-DD HH24:MI:SS'));
A101: seqDayAttendanceLog.nextval | B101: 100 | C101: 45870 | D101: 45870.344 | E101: 45870.748 | F101: 출석 | H101: ="INSERT INTO tblDayAttendanceLog VALUES (" & A101 & ", " & B101 & ", " & "TO_DATE('" & TEXT(C101, "yyyy-mm-dd") & "', 'YYYY-MM-DD'), " & IF(D101="", "NULL", "TO_DATE('" & TEXT(C101, "yyyy-mm-dd") & " " & TEXT(D101, "hh:mm:ss") & "', 'YYYY-MM-DD HH24:MI:SS')") & ", " & IF(E101="", "NULL", "TO_DATE('" & TEXT(C101, "yyyy-mm-dd") & " " & TEXT(E101, "hh:mm:ss") & "', 'YYYY-MM-DD HH24:MI:SS')") & ");" -> INSERT INTO tblDayAttendanceLog VALUES (seqDayAttendanceLog.nextval, 100, TO_DATE('2025-08-01', 'YYYY-MM-DD'), TO_DATE('2025-08-01 08:15:00', 'YYYY-MM-DD HH24:MI:SS'), TO_DATE('2025-08-01 17:57:00', 'YYYY-MM-DD HH24:MI:SS'));
A102: seqDayAttendanceLog.nextval | B102: 101 | C102: 45870 | D102: 45870.352 | E102: 45870.748 | F102: 출석 | H102: ="INSERT INTO tblDayAttendanceLog VALUES (" & A102 & ", " & B102 & ", " & "TO_DATE('" & TEXT(C102, "yyyy-mm-dd") & "', 'YYYY-MM-DD'), " & IF(D102="", "NULL", "TO_DATE('" & TEXT(C102, "yyyy-mm-dd") & " " & TEXT(D102, "hh:mm:ss") & "', 'YYYY-MM-DD HH24:MI:SS')") & ", " & IF(E102="", "NULL", "TO_DATE('" & TEXT(C102, "yyyy-mm-dd") & " " & TEXT(E102, "hh:mm:ss") & "', 'YYYY-MM-DD HH24:MI:SS')") & ");" -> INSERT INTO tblDayAttendanceLog VALUES (seqDayAttendanceLog.nextval, 101, TO_DATE('2025-08-01', 'YYYY-MM-DD'), TO_DATE('2025-08-01 08:27:00', 'YYYY-MM-DD HH24:MI:SS'), TO_DATE('2025-08-01 17:57:00', 'YYYY-MM-DD HH24:MI:SS'));
A103: seqDayAttendanceLog.nextval | B103: 102 | C103: 45870 | D103: 45870.376 | E103: 45870.745 | F103: 지각 | H103: ="INSERT INTO tblDayAttendanceLog VALUES (" & A103 & ", " & B103 & ", " & "TO_DATE('" & TEXT(C103, "yyyy-mm-dd") & "', 'YYYY-MM-DD'), " & IF(D103="", "NULL", "TO_DATE('" & TEXT(C103, "yyyy-mm-dd") & " " & TEXT(D103, "hh:mm:ss") & "', 'YYYY-MM-DD HH24:MI:SS')") & ", " & IF(E103="", "NULL", "TO_DATE('" & TEXT(C103, "yyyy-mm-dd") & " " & TEXT(E103, "hh:mm:ss") & "', 'YYYY-MM-DD HH24:MI:SS')") & ");" -> INSERT INTO tblDayAttendanceLog VALUES (seqDayAttendanceLog.nextval, 102, TO_DATE('2025-08-01', 'YYYY-MM-DD'), TO_DATE('2025-08-01 09:01:00', 'YYYY-MM-DD HH24:MI:SS'), TO_DATE('2025-08-01 17:53:00', 'YYYY-MM-DD HH24:MI:SS'));
A104: seqDayAttendanceLog.nextval | B104: 103 | C104: 45870 | D104: 45870.345 | E104: 45870.746 | F104: 출석 | H104: ="INSERT INTO tblDayAttendanceLog VALUES (" & A104 & ", " & B104 & ", " & "TO_DATE('" & TEXT(C104, "yyyy-mm-dd") & "', 'YYYY-MM-DD'), " & IF(D104="", "NULL", "TO_DATE('" & TEXT(C104, "yyyy-mm-dd") & " " & TEXT(D104, "hh:mm:ss") & "', 'YYYY-MM-DD HH24:MI:SS')") & ", " & IF(E104="", "NULL", "TO_DATE('" & TEXT(C104, "yyyy-mm-dd") & " " & TEXT(E104, "hh:mm:ss") & "', 'YYYY-MM-DD HH24:MI:SS')") & ");" -> INSERT INTO tblDayAttendanceLog VALUES (seqDayAttendanceLog.nextval, 103, TO_DATE('2025-08-01', 'YYYY-MM-DD'), TO_DATE('2025-08-01 08:17:00', 'YYYY-MM-DD HH24:MI:SS'), TO_DATE('2025-08-01 17:54:00', 'YYYY-MM-DD HH24:MI:SS'));
... A112: seqDayAttendanceLog.nextval | B112: 111 | C112: 45870 | D112: 45870.398 | E112: 45870.747 | F112: 지각 | H112: ="INSERT INTO tblDayAttendanceLog VALUES (" & A112 & ", " & B112 & ", " & "TO_DATE('" & TEXT(C112, "yyyy-mm-dd") & "', 'YYYY-MM-DD'), " & IF(D112="", "NULL", "TO_DATE('" & TEXT(C112, "yyyy-mm-dd") & " " & TEXT(D112, "hh:mm:ss") & "', 'YYYY-MM-DD HH24:MI:SS')") & ", " & IF(E112="", "NULL", "TO_DATE('" & TEXT(C112, "yyyy-mm-dd") & " " & TEXT(E112, "hh:mm:ss") & "', 'YYYY-MM-DD HH24:MI:SS')") & ");" -> INSERT INTO tblDayAttendanceLog VALUES (seqDayAttendanceLog.nextval, 111, TO_DATE('2025-08-01', 'YYYY-MM-DD'), TO_DATE('2025-08-01 09:33:00', 'YYYY-MM-DD HH24:MI:SS'), TO_DATE('2025-08-01 17:56:00', 'YYYY-MM-DD HH24:MI:SS'));
A113: seqDayAttendanceLog.nextval | B113: 112 | C113: 45870 | F113: 결석 | H113: ="INSERT INTO tblDayAttendanceLog VALUES (" & A113 & ", " & B113 & ", " & "TO_DATE('" & TEXT(C113, "yyyy-mm-dd") & "', 'YYYY-MM-DD'), " & IF(D113="", "NULL", "TO_DATE('" & TEXT(C113, "yyyy-mm-dd") & " " & TEXT(D113, "hh:mm:ss") & "', 'YYYY-MM-DD HH24:MI:SS')") & ", " & IF(E113="", "NULL", "TO_DATE('" & TEXT(C113, "yyyy-mm-dd") & " " & TEXT(E113, "hh:mm:ss") & "', 'YYYY-MM-DD HH24:MI:SS')") & ");" -> INSERT INTO tblDayAttendanceLog VALUES (seqDayAttendanceLog.nextval, 112, TO_DATE('2025-08-01', 'YYYY-MM-DD'), NULL, NULL);
A114: seqDayAttendanceLog.nextval | B114: 113 | C114: 45870 | D114: 45870.342 | E114: 45870.744 | F114: 출석 | H114: ="INSERT INTO tblDayAttendanceLog VALUES (" & A114 & ", " & B114 & ", " & "TO_DATE('" & TEXT(C114, "yyyy-mm-dd") & "', 'YYYY-MM-DD'), " & IF(D114="", "NULL", "TO_DATE('" & TEXT(C114, "yyyy-mm-dd") & " " & TEXT(D114, "hh:mm:ss") & "', 'YYYY-MM-DD HH24:MI:SS')") & ", " & IF(E114="", "NULL", "TO_DATE('" & TEXT(C114, "yyyy-mm-dd") & " " & TEXT(E114, "hh:mm:ss") & "', 'YYYY-MM-DD HH24:MI:SS')") & ");" -> INSERT INTO tblDayAttendanceLog VALUES (seqDayAttendanceLog.nextval, 113, TO_DATE('2025-08-01', 'YYYY-MM-DD'), TO_DATE('2025-08-01 08:13:00', 'YYYY-MM-DD HH24:MI:SS'), TO_DATE('2025-08-01 17:51:00', 'YYYY-MM-DD HH24:MI:SS'));
A115: seqDayAttendanceLog.nextval | B115: 114 | C115: 45870 | D115: 45870.406 | E115: 45870.744 | F115: 지각 | H115: ="INSERT INTO tblDayAttendanceLog VALUES (" & A115 & ", " & B115 & ", " & "TO_DATE('" & TEXT(C115, "yyyy-mm-dd") & "', 'YYYY-MM-DD'), " & IF(D115="", "NULL", "TO_DATE('" & TEXT(C115, "yyyy-mm-dd") & " " & TEXT(D115, "hh:mm:ss") & "', 'YYYY-MM-DD HH24:MI:SS')") & ", " & IF(E115="", "NULL", "TO_DATE('" & TEXT(C115, "yyyy-mm-dd") & " " & TEXT(E115, "hh:mm:ss") & "', 'YYYY-MM-DD HH24:MI:SS')") & ");" -> INSERT INTO tblDayAttendanceLog VALUES (seqDayAttendanceLog.nextval, 114, TO_DATE('2025-08-01', 'YYYY-MM-DD'), TO_DATE('2025-08-01 09:45:00', 'YYYY-MM-DD HH24:MI:SS'), TO_DATE('2025-08-01 17:51:00', 'YYYY-MM-DD HH24:MI:SS'));
A116: seqDayAttendanceLog.nextval | B116: 115 | C116: 45870 | D116: 45870.369 | E116: 45870.748 | F116: 출석 | H116: ="INSERT INTO tblDayAttendanceLog VALUES (" & A116 & ", " & B116 & ", " & "TO_DATE('" & TEXT(C116, "yyyy-mm-dd") & "', 'YYYY-MM-DD'), " & IF(D116="", "NULL", "TO_DATE('" & TEXT(C116, "yyyy-mm-dd") & " " & TEXT(D116, "hh:mm:ss") & "', 'YYYY-MM-DD HH24:MI:SS')") & ", " & IF(E116="", "NULL", "TO_DATE('" & TEXT(C116, "yyyy-mm-dd") & " " & TEXT(E116, "hh:mm:ss") & "', 'YYYY-MM-DD HH24:MI:SS')") & ");" -> INSERT INTO tblDayAttendanceLog VALUES (seqDayAttendanceLog.nextval, 115, TO_DATE('2025-08-01', 'YYYY-MM-DD'), TO_DATE('2025-08-01 08:51:00', 'YYYY-MM-DD HH24:MI:SS'), TO_DATE('2025-08-01 17:57:00', 'YYYY-MM-DD HH24:MI:SS'));
A117: seqDayAttendanceLog.nextval | B117: 116 | C117: 45870 | D117: 45870.34 | E117: 45870.745 | F117: 출석 | H117: ="INSERT INTO tblDayAttendanceLog VALUES (" & A117 & ", " & B117 & ", " & "TO_DATE('" & TEXT(C117, "yyyy-mm-dd") & "', 'YYYY-MM-DD'), " & IF(D117="", "NULL", "TO_DATE('" & TEXT(C117, "yyyy-mm-dd") & " " & TEXT(D117, "hh:mm:ss") & "', 'YYYY-MM-DD HH24:MI:SS')") & ", " & IF(E117="", "NULL", "TO_DATE('" & TEXT(C117, "yyyy-mm-dd") & " " & TEXT(E117, "hh:mm:ss") & "', 'YYYY-MM-DD HH24:MI:SS')") & ");" -> INSERT INTO tblDayAttendanceLog VALUES (seqDayAttendanceLog.nextval, 116, TO_DATE('2025-08-01', 'YYYY-MM-DD'), TO_DATE('2025-08-01 08:09:00', 'YYYY-MM-DD HH24:MI:SS'), TO_DATE('2025-08-01 17:53:00', 'YYYY-MM-DD HH24:MI:SS'));
A118: seqDayAttendanceLog.nextval | B118: 117 | C118: 45870 | D118: 45870.341 | E118: 45870.743 | F118: 출석 | H118: ="INSERT INTO tblDayAttendanceLog VALUES (" & A118 & ", " & B118 & ", " & "TO_DATE('" & TEXT(C118, "yyyy-mm-dd") & "', 'YYYY-MM-DD'), " & IF(D118="", "NULL", "TO_DATE('" & TEXT(C118, "yyyy-mm-dd") & " " & TEXT(D118, "hh:mm:ss") & "', 'YYYY-MM-DD HH24:MI:SS')") & ", " & IF(E118="", "NULL", "TO_DATE('" & TEXT(C118, "yyyy-mm-dd") & " " & TEXT(E118, "hh:mm:ss") & "', 'YYYY-MM-DD HH24:MI:SS')") & ");" -> INSERT INTO tblDayAttendanceLog VALUES (seqDayAttendanceLog.nextval, 117, TO_DATE('2025-08-01', 'YYYY-MM-DD'), TO_DATE('2025-08-01 08:11:00', 'YYYY-MM-DD HH24:MI:SS'), TO_DATE('2025-08-01 17:50:00', 'YYYY-MM-DD HH24:MI:SS'));
A119: seqDayAttendanceLog.nextval | B119: 118 | C119: 45870 | D119: 45870.409 | E119: 45870.747 | F119: 지각 | H119: ="INSERT INTO tblDayAttendanceLog VALUES (" & A119 & ", " & B119 & ", " & "TO_DATE('" & TEXT(C119, "yyyy-mm-dd") & "', 'YYYY-MM-DD'), " & IF(D119="", "NULL", "TO_DATE('" & TEXT(C119, "yyyy-mm-dd") & " " & TEXT(D119, "hh:mm:ss") & "', 'YYYY-MM-DD HH24:MI:SS')") & ", " & IF(E119="", "NULL", "TO_DATE('" & TEXT(C119, "yyyy-mm-dd") & " " & TEXT(E119, "hh:mm:ss") & "', 'YYYY-MM-DD HH24:MI:SS')") & ");" -> INSERT INTO tblDayAttendanceLog VALUES (seqDayAttendanceLog.nextval, 118, TO_DATE('2025-08-01', 'YYYY-MM-DD'), TO_DATE('2025-08-01 09:49:00', 'YYYY-MM-DD HH24:MI:SS'), TO_DATE('2025-08-01 17:56:00', 'YYYY-MM-DD HH24:MI:SS'));
A120: seqDayAttendanceLog.nextval | B120: 119 | C120: 45870 | D120: 45870.412 | E120: 45870.748 | F120: 지각 | H120: ="INSERT INTO tblDayAttendanceLog VALUES (" & A120 & ", " & B120 & ", " & "TO_DATE('" & TEXT(C120, "yyyy-mm-dd") & "', 'YYYY-MM-DD'), " & IF(D120="", "NULL", "TO_DATE('" & TEXT(C120, "yyyy-mm-dd") & " " & TEXT(D120, "hh:mm:ss") & "', 'YYYY-MM-DD HH24:MI:SS')") & ", " & IF(E120="", "NULL", "TO_DATE('" & TEXT(C120, "yyyy-mm-dd") & " " & TEXT(E120, "hh:mm:ss") & "', 'YYYY-MM-DD HH24:MI:SS')") & ");" -> INSERT INTO tblDayAttendanceLog VALUES (seqDayAttendanceLog.nextval, 119, TO_DATE('2025-08-01', 'YYYY-MM-DD'), TO_DATE('2025-08-01 09:53:00', 'YYYY-MM-DD HH24:MI:SS'), TO_DATE('2025-08-01 17:57:00', 'YYYY-MM-DD HH24:MI:SS'));
A121: seqDayAttendanceLog.nextval | B121: 120 | C121: 45870 | D121: 45870.406 | E121: 45870.745 | F121: 지각 | H121: ="INSERT INTO tblDayAttendanceLog VALUES (" & A121 & ", " & B121 & ", " & "TO_DATE('" & TEXT(C121, "yyyy-mm-dd") & "', 'YYYY-MM-DD'), " & IF(D121="", "NULL", "TO_DATE('" & TEXT(C121, "yyyy-mm-dd") & " " & TEXT(D121, "hh:mm:ss") & "', 'YYYY-MM-DD HH24:MI:SS')") & ", " & IF(E121="", "NULL", "TO_DATE('" & TEXT(C121, "yyyy-mm-dd") & " " & TEXT(E121, "hh:mm:ss") & "', 'YYYY-MM-DD HH24:MI:SS')") & ");" -> INSERT INTO tblDayAttendanceLog VALUES (seqDayAttendanceLog.nextval, 120, TO_DATE('2025-08-01', 'YYYY-MM-DD'), TO_DATE('2025-08-01 09:45:00', 'YYYY-MM-DD HH24:MI:SS'), TO_DATE('2025-08-01 17:53:00', 'YYYY-MM-DD HH24:MI:SS'));
A122: seqDayAttendanceLog.nextval | B122: 121 | C122: 45870 | D122: 45870.379 | E122: 45870.749 | F122: 지각 | H122: ="INSERT INTO tblDayAttendanceLog VALUES (" & A122 & ", " & B122 & ", " & "TO_DATE('" & TEXT(C122, "yyyy-mm-dd") & "', 'YYYY-MM-DD'), " & IF(D122="", "NULL", "TO_DATE('" & TEXT(C122, "yyyy-mm-dd") & " " & TEXT(D122, "hh:mm:ss") & "', 'YYYY-MM-DD HH24:MI:SS')") & ", " & IF(E122="", "NULL", "TO_DATE('" & TEXT(C122, "yyyy-mm-dd") & " " & TEXT(E122, "hh:mm:ss") & "', 'YYYY-MM-DD HH24:MI:SS')") & ");" -> INSERT INTO tblDayAttendanceLog VALUES (seqDayAttendanceLog.nextval, 121, TO_DATE('2025-08-01', 'YYYY-MM-DD'), TO_DATE('2025-08-01 09:06:00', 'YYYY-MM-DD HH24:MI:SS'), TO_DATE('2025-08-01 17:58:00', 'YYYY-MM-DD HH24:MI:SS'));
A123: seqDayAttendanceLog.nextval | B123: 122 | C123: 45870 | D123: 45870.342 | E123: 45870.743 | F123: 출석 | H123: ="INSERT INTO tblDayAttendanceLog VALUES (" & A123 & ", " & B123 & ", " & "TO_DATE('" & TEXT(C123, "yyyy-mm-dd") & "', 'YYYY-MM-DD'), " & IF(D123="", "NULL", "TO_DATE('" & TEXT(C123, "yyyy-mm-dd") & " " & TEXT(D123, "hh:mm:ss") & "', 'YYYY-MM-DD HH24:MI:SS')") & ", " & IF(E123="", "NULL", "TO_DATE('" & TEXT(C123, "yyyy-mm-dd") & " " & TEXT(E123, "hh:mm:ss") & "', 'YYYY-MM-DD HH24:MI:SS')") & ");" -> INSERT INTO tblDayAttendanceLog VALUES (seqDayAttendanceLog.nextval, 122, TO_DATE('2025-08-01', 'YYYY-MM-DD'), TO_DATE('2025-08-01 08:13:00', 'YYYY-MM-DD HH24:MI:SS'), TO_DATE('2025-08-01 17:50:00', 'YYYY-MM-DD HH24:MI:SS'));
A124: seqDayAttendanceLog.nextval | B124: 123 | C124: 45870 | D124: 45870.409 | E124: 45870.744 | F124: 지각 | H124: ="INSERT INTO tblDayAttendanceLog VALUES (" & A124 & ", " & B124 & ", " & "TO_DATE('" & TEXT(C124, "yyyy-mm-dd") & "', 'YYYY-MM-DD'), " & IF(D124="", "NULL", "TO_DATE('" & TEXT(C124, "yyyy-mm-dd") & " " & TEXT(D124, "hh:mm:ss") & "', 'YYYY-MM-DD HH24:MI:SS')") & ", " & IF(E124="", "NULL", "TO_DATE('" & TEXT(C124, "yyyy-mm-dd") & " " & TEXT(E124, "hh:mm:ss") & "', 'YYYY-MM-DD HH24:MI:SS')") & ");" -> INSERT INTO tblDayAttendanceLog VALUES (seqDayAttendanceLog.nextval, 123, TO_DATE('2025-08-01', 'YYYY-MM-DD'), TO_DATE('2025-08-01 09:49:00', 'YYYY-MM-DD HH24:MI:SS'), TO_DATE('2025-08-01 17:51:00', 'YYYY-MM-DD HH24:MI:SS'));
A125: seqDayAttendanceLog.nextval | B125: 124 | C125: 45870 | D125: 45870.349 | E125: 45870.749 | F125: 출석 | H125: ="INSERT INTO tblDayAttendanceLog VALUES (" & A125 & ", " & B125 & ", " & "TO_DATE('" & TEXT(C125, "yyyy-mm-dd") & "', 'YYYY-MM-DD'), " & IF(D125="", "NULL", "TO_DATE('" & TEXT(C125, "yyyy-mm-dd") & " " & TEXT(D125, "hh:mm:ss") & "', 'YYYY-MM-DD HH24:MI:SS')") & ", " & IF(E125="", "NULL", "TO_DATE('" & TEXT(C125, "yyyy-mm-dd") & " " & TEXT(E125, "hh:mm:ss") & "', 'YYYY-MM-DD HH24:MI:SS')") & ");" -> INSERT INTO tblDayAttendanceLog VALUES (seqDayAttendanceLog.nextval, 124, TO_DATE('2025-08-01', 'YYYY-MM-DD'), TO_DATE('2025-08-01 08:22:00', 'YYYY-MM-DD HH24:MI:SS'), TO_DATE('2025-08-01 17:59:00', 'YYYY-MM-DD HH24:MI:SS'));
... A139: seqDayAttendanceLog.nextval | B139: 138 | C139: 45870 | D139: 45870.355 | E139: 45870.747 | F139: 출석 | H139: ="INSERT INTO tblDayAttendanceLog VALUES (" & A139 & ", " & B139 & ", " & "TO_DATE('" & TEXT(C139, "yyyy-mm-dd") & "', 'YYYY-MM-DD'), " & IF(D139="", "NULL", "TO_DATE('" & TEXT(C139, "yyyy-mm-dd") & " " & TEXT(D139, "hh:mm:ss") & "', 'YYYY-MM-DD HH24:MI:SS')") & ", " & IF(E139="", "NULL", "TO_DATE('" & TEXT(C139, "yyyy-mm-dd") & " " & TEXT(E139, "hh:mm:ss") & "', 'YYYY-MM-DD HH24:MI:SS')") & ");" -> INSERT INTO tblDayAttendanceLog VALUES (seqDayAttendanceLog.nextval, 138, TO_DATE('2025-08-01', 'YYYY-MM-DD'), TO_DATE('2025-08-01 08:31:00', 'YYYY-MM-DD HH24:MI:SS'), TO_DATE('2025-08-01 17:56:00', 'YYYY-MM-DD HH24:MI:SS'));
A140: seqDayAttendanceLog.nextval | B140: 139 | C140: 45870 | F140: 결석 | H140: ="INSERT INTO tblDayAttendanceLog VALUES (" & A140 & ", " & B140 & ", " & "TO_DATE('" & TEXT(C140, "yyyy-mm-dd") & "', 'YYYY-MM-DD'), " & IF(D140="", "NULL", "TO_DATE('" & TEXT(C140, "yyyy-mm-dd") & " " & TEXT(D140, "hh:mm:ss") & "', 'YYYY-MM-DD HH24:MI:SS')") & ", " & IF(E140="", "NULL", "TO_DATE('" & TEXT(C140, "yyyy-mm-dd") & " " & TEXT(E140, "hh:mm:ss") & "', 'YYYY-MM-DD HH24:MI:SS')") & ");" -> INSERT INTO tblDayAttendanceLog VALUES (seqDayAttendanceLog.nextval, 139, TO_DATE('2025-08-01', 'YYYY-MM-DD'), NULL, NULL);
A141: seqDayAttendanceLog.nextval | B141: 140 | C141: 45870 | D141: 45870.347 | E141: 45870.748 | F141: 출석 | H141: ="INSERT INTO tblDayAttendanceLog VALUES (" & A141 & ", " & B141 & ", " & "TO_DATE('" & TEXT(C141, "yyyy-mm-dd") & "', 'YYYY-MM-DD'), " & IF(D141="", "NULL", "TO_DATE('" & TEXT(C141, "yyyy-mm-dd") & " " & TEXT(D141, "hh:mm:ss") & "', 'YYYY-MM-DD HH24:MI:SS')") & ", " & IF(E141="", "NULL", "TO_DATE('" & TEXT(C141, "yyyy-mm-dd") & " " & TEXT(E141, "hh:mm:ss") & "', 'YYYY-MM-DD HH24:MI:SS')") & ");" -> INSERT INTO tblDayAttendanceLog VALUES (seqDayAttendanceLog.nextval, 140, TO_DATE('2025-08-01', 'YYYY-MM-DD'), TO_DATE('2025-08-01 08:19:00', 'YYYY-MM-DD HH24:MI:SS'), TO_DATE('2025-08-01 17:57:00', 'YYYY-MM-DD HH24:MI:SS'));
A142: seqDayAttendanceLog.nextval | B142: 141 | C142: 45870 | D142: 45870.365 | E142: 45870.745 | F142: 출석 | H142: ="INSERT INTO tblDayAttendanceLog VALUES (" & A142 & ", " & B142 & ", " & "TO_DATE('" & TEXT(C142, "yyyy-mm-dd") & "', 'YYYY-MM-DD'), " & IF(D142="", "NULL", "TO_DATE('" & TEXT(C142, "yyyy-mm-dd") & " " & TEXT(D142, "hh:mm:ss") & "', 'YYYY-MM-DD HH24:MI:SS')") & ", " & IF(E142="", "NULL", "TO_DATE('" & TEXT(C142, "yyyy-mm-dd") & " " & TEXT(E142, "hh:mm:ss") & "', 'YYYY-MM-DD HH24:MI:SS')") & ");" -> INSERT INTO tblDayAttendanceLog VALUES (seqDayAttendanceLog.nextval, 141, TO_DATE('2025-08-01', 'YYYY-MM-DD'), TO_DATE('2025-08-01 08:46:00', 'YYYY-MM-DD HH24:MI:SS'), TO_DATE('2025-08-01 17:53:00', 'YYYY-MM-DD HH24:MI:SS'));
A143: seqDayAttendanceLog.nextval | B143: 142 | C143: 45870 | D143: 45870.335 | E143: 45870.748 | F143: 출석 | H143: ="INSERT INTO tblDayAttendanceLog VALUES (" & A143 & ", " & B143 & ", " & "TO_DATE('" & TEXT(C143, "yyyy-mm-dd") & "', 'YYYY-MM-DD'), " & IF(D143="", "NULL", "TO_DATE('" & TEXT(C143, "yyyy-mm-dd") & " " & TEXT(D143, "hh:mm:ss") & "', 'YYYY-MM-DD HH24:MI:SS')") & ", " & IF(E143="", "NULL", "TO_DATE('" & TEXT(C143, "yyyy-mm-dd") & " " & TEXT(E143, "hh:mm:ss") & "', 'YYYY-MM-DD HH24:MI:SS')") & ");" -> INSERT INTO tblDayAttendanceLog VALUES (seqDayAttendanceLog.nextval, 142, TO_DATE('2025-08-01', 'YYYY-MM-DD'), TO_DATE('2025-08-01 08:03:00', 'YYYY-MM-DD HH24:MI:SS'), TO_DATE('2025-08-01 17:57:00', 'YYYY-MM-DD HH24:MI:SS'));
A144: seqDayAttendanceLog.nextval | B144: 143 | C144: 45870 | D144: 45870.36 | E144: 45870.569 | F144: 조퇴 | H144: ="INSERT INTO tblDayAttendanceLog VALUES (" & A144 & ", " & B144 & ", " & "TO_DATE('" & TEXT(C144, "yyyy-mm-dd") & "', 'YYYY-MM-DD'), " & IF(D144="", "NULL", "TO_DATE('" & TEXT(C144, "yyyy-mm-dd") & " " & TEXT(D144, "hh:mm:ss") & "', 'YYYY-MM-DD HH24:MI:SS')") & ", " & IF(E144="", "NULL", "TO_DATE('" & TEXT(C144, "yyyy-mm-dd") & " " & TEXT(E144, "hh:mm:ss") & "', 'YYYY-MM-DD HH24:MI:SS')") & ");" -> INSERT INTO tblDayAttendanceLog VALUES (seqDayAttendanceLog.nextval, 143, TO_DATE('2025-08-01', 'YYYY-MM-DD'), TO_DATE('2025-08-01 08:39:00', 'YYYY-MM-DD HH24:MI:SS'), TO_DATE('2025-08-01 13:40:00', 'YYYY-MM-DD HH24:MI:SS'));
A145: seqDayAttendanceLog.nextval | B145: 144 | C145: 45870 | D145: 45870.351 | E145: 45870.749 | F145: 출석 | H145: ="INSERT INTO tblDayAttendanceLog VALUES (" & A145 & ", " & B145 & ", " & "TO_DATE('" & TEXT(C145, "yyyy-mm-dd") & "', 'YYYY-MM-DD'), " & IF(D145="", "NULL", "TO_DATE('" & TEXT(C145, "yyyy-mm-dd") & " " & TEXT(D145, "hh:mm:ss") & "', 'YYYY-MM-DD HH24:MI:SS')") & ", " & IF(E145="", "NULL", "TO_DATE('" & TEXT(C145, "yyyy-mm-dd") & " " & TEXT(E145, "hh:mm:ss") & "', 'YYYY-MM-DD HH24:MI:SS')") & ");" -> INSERT INTO tblDayAttendanceLog VALUES (seqDayAttendanceLog.nextval, 144, TO_DATE('2025-08-01', 'YYYY-MM-DD'), TO_DATE('2025-08-01 08:25:00', 'YYYY-MM-DD HH24:MI:SS'), TO_DATE('2025-08-01 17:58:00', 'YYYY-MM-DD HH24:MI:SS'));
A146: seqDayAttendanceLog.nextval | B146: 145 | C146: 45870 | D146: 45870.402 | E146: 45870.749 | F146: 지각 | H146: ="INSERT INTO tblDayAttendanceLog VALUES (" & A146 & ", " & B146 & ", " & "TO_DATE('" & TEXT(C146, "yyyy-mm-dd") & "', 'YYYY-MM-DD'), " & IF(D146="", "NULL", "TO_DATE('" & TEXT(C146, "yyyy-mm-dd") & " " & TEXT(D146, "hh:mm:ss") & "', 'YYYY-MM-DD HH24:MI:SS')") & ", " & IF(E146="", "NULL", "TO_DATE('" & TEXT(C146, "yyyy-mm-dd") & " " & TEXT(E146, "hh:mm:ss") & "', 'YYYY-MM-DD HH24:MI:SS')") & ");" -> INSERT INTO tblDayAttendanceLog VALUES (seqDayAttendanceLog.nextval, 145, TO_DATE('2025-08-01', 'YYYY-MM-DD'), TO_DATE('2025-08-01 09:39:00', 'YYYY-MM-DD HH24:MI:SS'), TO_DATE('2025-08-01 17:59:00', 'YYYY-MM-DD HH24:MI:SS'));
A147: seqDayAttendanceLog.nextval | B147: 146 | C147: 45870 | D147: 45870.41 | E147: 45870.749 | F147: 지각 | H147: ="INSERT INTO tblDayAttendanceLog VALUES (" & A147 & ", " & B147 & ", " & "TO_DATE('" & TEXT(C147, "yyyy-mm-dd") & "', 'YYYY-MM-DD'), " & IF(D147="", "NULL", "TO_DATE('" & TEXT(C147, "yyyy-mm-dd") & " " & TEXT(D147, "hh:mm:ss") & "', 'YYYY-MM-DD HH24:MI:SS')") & ", " & IF(E147="", "NULL", "TO_DATE('" & TEXT(C147, "yyyy-mm-dd") & " " & TEXT(E147, "hh:mm:ss") & "', 'YYYY-MM-DD HH24:MI:SS')") & ");" -> INSERT INTO tblDayAttendanceLog VALUES (seqDayAttendanceLog.nextval, 146, TO_DATE('2025-08-01', 'YYYY-MM-DD'), TO_DATE('2025-08-01 09:51:00', 'YYYY-MM-DD HH24:MI:SS'), TO_DATE('2025-08-01 17:58:00', 'YYYY-MM-DD HH24:MI:SS'));
A148: seqDayAttendanceLog.nextval | B148: 147 | C148: 45870 | D148: 45870.342 | E148: 45870.743 | F148: 출석 | H148: ="INSERT INTO tblDayAttendanceLog VALUES (" & A148 & ", " & B148 & ", " & "TO_DATE('" & TEXT(C148, "yyyy-mm-dd") & "', 'YYYY-MM-DD'), " & IF(D148="", "NULL", "TO_DATE('" & TEXT(C148, "yyyy-mm-dd") & " " & TEXT(D148, "hh:mm:ss") & "', 'YYYY-MM-DD HH24:MI:SS')") & ", " & IF(E148="", "NULL", "TO_DATE('" & TEXT(C148, "yyyy-mm-dd") & " " & TEXT(E148, "hh:mm:ss") & "', 'YYYY-MM-DD HH24:MI:SS')") & ");" -> INSERT INTO tblDayAttendanceLog VALUES (seqDayAttendanceLog.nextval, 147, TO_DATE('2025-08-01', 'YYYY-MM-DD'), TO_DATE('2025-08-01 08:13:00', 'YYYY-MM-DD HH24:MI:SS'), TO_DATE('2025-08-01 17:50:00', 'YYYY-MM-DD HH24:MI:SS'));
A149: seqDayAttendanceLog.nextval | B149: 148 | C149: 45870 | D149: 45870.398 | E149: 45870.747 | F149: 지각 | H149: ="INSERT INTO tblDayAttendanceLog VALUES (" & A149 & ", " & B149 & ", " & "TO_DATE('" & TEXT(C149, "yyyy-mm-dd") & "', 'YYYY-MM-DD'), " & IF(D149="", "NULL", "TO_DATE('" & TEXT(C149, "yyyy-mm-dd") & " " & TEXT(D149, "hh:mm:ss") & "', 'YYYY-MM-DD HH24:MI:SS')") & ", " & IF(E149="", "NULL", "TO_DATE('" & TEXT(C149, "yyyy-mm-dd") & " " & TEXT(E149, "hh:mm:ss") & "', 'YYYY-MM-DD HH24:MI:SS')") & ");" -> INSERT INTO tblDayAttendanceLog VALUES (seqDayAttendanceLog.nextval, 148, TO_DATE('2025-08-01', 'YYYY-MM-DD'), TO_DATE('2025-08-01 09:33:00', 'YYYY-MM-DD HH24:MI:SS'), TO_DATE('2025-08-01 17:55:00', 'YYYY-MM-DD HH24:MI:SS'));
A150: seqDayAttendanceLog.nextval | B150: 149 | C150: 45870 | D150: 45870.415 | E150: 45870.747 | F150: 지각 | H150: ="INSERT INTO tblDayAttendanceLog VALUES (" & A150 & ", " & B150 & ", " & "TO_DATE('" & TEXT(C150, "yyyy-mm-dd") & "', 'YYYY-MM-DD'), " & IF(D150="", "NULL", "TO_DATE('" & TEXT(C150, "yyyy-mm-dd") & " " & TEXT(D150, "hh:mm:ss") & "', 'YYYY-MM-DD HH24:MI:SS')") & ", " & IF(E150="", "NULL", "TO_DATE('" & TEXT(C150, "yyyy-mm-dd") & " " & TEXT(E150, "hh:mm:ss") & "', 'YYYY-MM-DD HH24:MI:SS')") & ");" -> INSERT INTO tblDayAttendanceLog VALUES (seqDayAttendanceLog.nextval, 149, TO_DATE('2025-08-01', 'YYYY-MM-DD'), TO_DATE('2025-08-01 09:57:00', 'YYYY-MM-DD HH24:MI:SS'), TO_DATE('2025-08-01 17:56:00', 'YYYY-MM-DD HH24:MI:SS'));
A151: seqDayAttendanceLog.nextval | B151: 150 | C151: 45870 | D151: 45870.378 | E151: 45870.747 | F151: 지각 | H151: ="INSERT INTO tblDayAttendanceLog VALUES (" & A151 & ", " & B151 & ", " & "TO_DATE('" & TEXT(C151, "yyyy-mm-dd") & "', 'YYYY-MM-DD'), " & IF(D151="", "NULL", "TO_DATE('" & TEXT(C151, "yyyy-mm-dd") & " " & TEXT(D151, "hh:mm:ss") & "', 'YYYY-MM-DD HH24:MI:SS')") & ", " & IF(E151="", "NULL", "TO_DATE('" & TEXT(C151, "yyyy-mm-dd") & " " & TEXT(E151, "hh:mm:ss") & "', 'YYYY-MM-DD HH24:MI:SS')") & ");" -> INSERT INTO tblDayAttendanceLog VALUES (seqDayAttendanceLog.nextval, 150, TO_DATE('2025-08-01', 'YYYY-MM-DD'), TO_DATE('2025-08-01 09:05:00', 'YYYY-MM-DD HH24:MI:SS'), TO_DATE('2025-08-01 17:55:00', 'YYYY-MM-DD HH24:MI:SS'));
A152: seqDayAttendanceLog.nextval | B152: 151 | C152: 45870 | D152: 45870.381 | E152: 45870.747 | F152: 지각 | H152: ="INSERT INTO tblDayAttendanceLog VALUES (" & A152 & ", " & B152 & ", " & "TO_DATE('" & TEXT(C152, "yyyy-mm-dd") & "', 'YYYY-MM-DD'), " & IF(D152="", "NULL", "TO_DATE('" & TEXT(C152, "yyyy-mm-dd") & " " & TEXT(D152, "hh:mm:ss") & "', 'YYYY-MM-DD HH24:MI:SS')") & ", " & IF(E152="", "NULL", "TO_DATE('" & TEXT(C152, "yyyy-mm-dd") & " " & TEXT(E152, "hh:mm:ss") & "', 'YYYY-MM-DD HH24:MI:SS')") & ");" -> INSERT INTO tblDayAttendanceLog VALUES (seqDayAttendanceLog.nextval, 151, TO_DATE('2025-08-01', 'YYYY-MM-DD'), TO_DATE('2025-08-01 09:08:00', 'YYYY-MM-DD HH24:MI:SS'), TO_DATE('2025-08-01 17:56:00', 'YYYY-MM-DD HH24:MI:SS'));
... A193: seqDayAttendanceLog.nextval | B193: 24 | C193: 45873 | D193: 45873.351 | E193: 45873.743 | F193: 출석 | H193: ="INSERT INTO tblDayAttendanceLog VALUES (" & A193 & ", " & B193 & ", " & "TO_DATE('" & TEXT(C193, "yyyy-mm-dd") & "', 'YYYY-MM-DD'), " & IF(D193="", "NULL", "TO_DATE('" & TEXT(C193, "yyyy-mm-dd") & " " & TEXT(D193, "hh:mm:ss") & "', 'YYYY-MM-DD HH24:MI:SS')") & ", " & IF(E193="", "NULL", "TO_DATE('" & TEXT(C193, "yyyy-mm-dd") & " " & TEXT(E193, "hh:mm:ss") & "', 'YYYY-MM-DD HH24:MI:SS')") & ");" -> INSERT INTO tblDayAttendanceLog VALUES (seqDayAttendanceLog.nextval, 24, TO_DATE('2025-08-04', 'YYYY-MM-DD'), TO_DATE('2025-08-04 08:26:00', 'YYYY-MM-DD HH24:MI:SS'), TO_DATE('2025-08-04 17:50:00', 'YYYY-MM-DD HH24:MI:SS'));
A194: seqDayAttendanceLog.nextval | B194: 25 | C194: 45873 | F194: 결석 | H194: ="INSERT INTO tblDayAttendanceLog VALUES (" & A194 & ", " & B194 & ", " & "TO_DATE('" & TEXT(C194, "yyyy-mm-dd") & "', 'YYYY-MM-DD'), " & IF(D194="", "NULL", "TO_DATE('" & TEXT(C194, "yyyy-mm-dd") & " " & TEXT(D194, "hh:mm:ss") & "', 'YYYY-MM-DD HH24:MI:SS')") & ", " & IF(E194="", "NULL", "TO_DATE('" & TEXT(C194, "yyyy-mm-dd") & " " & TEXT(E194, "hh:mm:ss") & "', 'YYYY-MM-DD HH24:MI:SS')") & ");" -> INSERT INTO tblDayAttendanceLog VALUES (seqDayAttendanceLog.nextval, 25, TO_DATE('2025-08-04', 'YYYY-MM-DD'), NULL, NULL);
A195: seqDayAttendanceLog.nextval | B195: 26 | C195: 45873 | D195: 45873.363 | E195: 45873.744 | F195: 출석 | H195: ="INSERT INTO tblDayAttendanceLog VALUES (" & A195 & ", " & B195 & ", " & "TO_DATE('" & TEXT(C195, "yyyy-mm-dd") & "', 'YYYY-MM-DD'), " & IF(D195="", "NULL", "TO_DATE('" & TEXT(C195, "yyyy-mm-dd") & " " & TEXT(D195, "hh:mm:ss") & "', 'YYYY-MM-DD HH24:MI:SS')") & ", " & IF(E195="", "NULL", "TO_DATE('" & TEXT(C195, "yyyy-mm-dd") & " " & TEXT(E195, "hh:mm:ss") & "', 'YYYY-MM-DD HH24:MI:SS')") & ");" -> INSERT INTO tblDayAttendanceLog VALUES (seqDayAttendanceLog.nextval, 26, TO_DATE('2025-08-04', 'YYYY-MM-DD'), TO_DATE('2025-08-04 08:42:00', 'YYYY-MM-DD HH24:MI:SS'), TO_DATE('2025-08-04 17:52:00', 'YYYY-MM-DD HH24:MI:SS'));
A196: seqDayAttendanceLog.nextval | B196: 27 | C196: 45873 | D196: 45873.372 | E196: 45873.749 | F196: 출석 | H196: ="INSERT INTO tblDayAttendanceLog VALUES (" & A196 & ", " & B196 & ", " & "TO_DATE('" & TEXT(C196, "yyyy-mm-dd") & "', 'YYYY-MM-DD'), " & IF(D196="", "NULL", "TO_DATE('" & TEXT(C196, "yyyy-mm-dd") & " " & TEXT(D196, "hh:mm:ss") & "', 'YYYY-MM-DD HH24:MI:SS')") & ", " & IF(E196="", "NULL", "TO_DATE('" & TEXT(C196, "yyyy-mm-dd") & " " & TEXT(E196, "hh:mm:ss") & "', 'YYYY-MM-DD HH24:MI:SS')") & ");" -> INSERT INTO tblDayAttendanceLog VALUES (seqDayAttendanceLog.nextval, 27, TO_DATE('2025-08-04', 'YYYY-MM-DD'), TO_DATE('2025-08-04 08:55:00', 'YYYY-MM-DD HH24:MI:SS'), TO_DATE('2025-08-04 17:58:00', 'YYYY-MM-DD HH24:MI:SS'));
A197: seqDayAttendanceLog.nextval | B197: 28 | C197: 45873 | D197: 45873.405 | E197: 45873.744 | F197: 지각 | H197: ="INSERT INTO tblDayAttendanceLog VALUES (" & A197 & ", " & B197 & ", " & "TO_DATE('" & TEXT(C197, "yyyy-mm-dd") & "', 'YYYY-MM-DD'), " & IF(D197="", "NULL", "TO_DATE('" & TEXT(C197, "yyyy-mm-dd") & " " & TEXT(D197, "hh:mm:ss") & "', 'YYYY-MM-DD HH24:MI:SS')") & ", " & IF(E197="", "NULL", "TO_DATE('" & TEXT(C197, "yyyy-mm-dd") & " " & TEXT(E197, "hh:mm:ss") & "', 'YYYY-MM-DD HH24:MI:SS')") & ");" -> INSERT INTO tblDayAttendanceLog VALUES (seqDayAttendanceLog.nextval, 28, TO_DATE('2025-08-04', 'YYYY-MM-DD'), TO_DATE('2025-08-04 09:43:00', 'YYYY-MM-DD HH24:MI:SS'), TO_DATE('2025-08-04 17:51:00', 'YYYY-MM-DD HH24:MI:SS'));
A198: seqDayAttendanceLog.nextval | B198: 29 | C198: 45873 | D198: 45873.378 | E198: 45873.749 | F198: 지각 | H198: ="INSERT INTO tblDayAttendanceLog VALUES (" & A198 & ", " & B198 & ", " & "TO_DATE('" & TEXT(C198, "yyyy-mm-dd") & "', 'YYYY-MM-DD'), " & IF(D198="", "NULL", "TO_DATE('" & TEXT(C198, "yyyy-mm-dd") & " " & TEXT(D198, "hh:mm:ss") & "', 'YYYY-MM-DD HH24:MI:SS')") & ", " & IF(E198="", "NULL", "TO_DATE('" & TEXT(C198, "yyyy-mm-dd") & " " & TEXT(E198, "hh:mm:ss") & "', 'YYYY-MM-DD HH24:MI:SS')") & ");" -> INSERT INTO tblDayAttendanceLog VALUES (seqDayAttendanceLog.nextval, 29, TO_DATE('2025-08-04', 'YYYY-MM-DD'), TO_DATE('2025-08-04 09:05:00', 'YYYY-MM-DD HH24:MI:SS'), TO_DATE('2025-08-04 17:58:00', 'YYYY-MM-DD HH24:MI:SS'));
A199: seqDayAttendanceLog.nextval | B199: 30 | C199: 45873 | D199: 45873.41 | E199: 45873.749 | F199: 지각 | H199: ="INSERT INTO tblDayAttendanceLog VALUES (" & A199 & ", " & B199 & ", " & "TO_DATE('" & TEXT(C199, "yyyy-mm-dd") & "', 'YYYY-MM-DD'), " & IF(D199="", "NULL", "TO_DATE('" & TEXT(C199, "yyyy-mm-dd") & " " & TEXT(D199, "hh:mm:ss") & "', 'YYYY-MM-DD HH24:MI:SS')") & ", " & IF(E199="", "NULL", "TO_DATE('" & TEXT(C199, "yyyy-mm-dd") & " " & TEXT(E199, "hh:mm:ss") & "', 'YYYY-MM-DD HH24:MI:SS')") & ");" -> INSERT INTO tblDayAttendanceLog VALUES (seqDayAttendanceLog.nextval, 30, TO_DATE('2025-08-04', 'YYYY-MM-DD'), TO_DATE('2025-08-04 09:51:00', 'YYYY-MM-DD HH24:MI:SS'), TO_DATE('2025-08-04 17:58:00', 'YYYY-MM-DD HH24:MI:SS'));
A200: seqDayAttendanceLog.nextval | B200: 31 | C200: 45873 | D200: 45873.398 | E200: 45873.746 | F200: 지각 | H200: ="INSERT INTO tblDayAttendanceLog VALUES (" & A200 & ", " & B200 & ", " & "TO_DATE('" & TEXT(C200, "yyyy-mm-dd") & "', 'YYYY-MM-DD'), " & IF(D200="", "NULL", "TO_DATE('" & TEXT(C200, "yyyy-mm-dd") & " " & TEXT(D200, "hh:mm:ss") & "', 'YYYY-MM-DD HH24:MI:SS')") & ", " & IF(E200="", "NULL", "TO_DATE('" & TEXT(C200, "yyyy-mm-dd") & " " & TEXT(E200, "hh:mm:ss") & "', 'YYYY-MM-DD HH24:MI:SS')") & ");" -> INSERT INTO tblDayAttendanceLog VALUES (seqDayAttendanceLog.nextval, 31, TO_DATE('2025-08-04', 'YYYY-MM-DD'), TO_DATE('2025-08-04 09:33:00', 'YYYY-MM-DD HH24:MI:SS'), TO_DATE('2025-08-04 17:54:00', 'YYYY-MM-DD HH24:MI:SS'));
A201: seqDayAttendanceLog.nextval | B201: 32 | C201: 45873 | D201: 45873.369 | E201: 45873.744 | F201: 출석 | H201: ="INSERT INTO tblDayAttendanceLog VALUES (" & A201 & ", " & B201 & ", " & "TO_DATE('" & TEXT(C201, "yyyy-mm-dd") & "', 'YYYY-MM-DD'), " & IF(D201="", "NULL", "TO_DATE('" & TEXT(C201, "yyyy-mm-dd") & " " & TEXT(D201, "hh:mm:ss") & "', 'YYYY-MM-DD HH24:MI:SS')") & ", " & IF(E201="", "NULL", "TO_DATE('" & TEXT(C201, "yyyy-mm-dd") & " " & TEXT(E201, "hh:mm:ss") & "', 'YYYY-MM-DD HH24:MI:SS')") & ");" -> INSERT INTO tblDayAttendanceLog VALUES (seqDayAttendanceLog.nextval, 32, TO_DATE('2025-08-04', 'YYYY-MM-DD'), TO_DATE('2025-08-04 08:51:00', 'YYYY-MM-DD HH24:MI:SS'), TO_DATE('2025-08-04 17:52:00', 'YYYY-MM-DD HH24:MI:SS'));
A202: seqDayAttendanceLog.nextval | B202: 33 | C202: 45873 | D202: 45873.401 | E202: 45873.746 | F202: 지각 | H202: ="INSERT INTO tblDayAttendanceLog VALUES (" & A202 & ", " & B202 & ", " & "TO_DATE('" & TEXT(C202, "yyyy-mm-dd") & "', 'YYYY-MM-DD'), " & IF(D202="", "NULL", "TO_DATE('" & TEXT(C202, "yyyy-mm-dd") & " " & TEXT(D202, "hh:mm:ss") & "', 'YYYY-MM-DD HH24:MI:SS')") & ", " & IF(E202="", "NULL", "TO_DATE('" & TEXT(C202, "yyyy-mm-dd") & " " & TEXT(E202, "hh:mm:ss") & "', 'YYYY-MM-DD HH24:MI:SS')") & ");" -> INSERT INTO tblDayAttendanceLog VALUES (seqDayAttendanceLog.nextval, 33, TO_DATE('2025-08-04', 'YYYY-MM-DD'), TO_DATE('2025-08-04 09:37:00', 'YYYY-MM-DD HH24:MI:SS'), TO_DATE('2025-08-04 17:54:00', 'YYYY-MM-DD HH24:MI:SS'));
A203: seqDayAttendanceLog.nextval | B203: 34 | C203: 45873 | D203: 45873.337 | E203: 45873.744 | F203: 출석 | H203: ="INSERT INTO tblDayAttendanceLog VALUES (" & A203 & ", " & B203 & ", " & "TO_DATE('" & TEXT(C203, "yyyy-mm-dd") & "', 'YYYY-MM-DD'), " & IF(D203="", "NULL", "TO_DATE('" & TEXT(C203, "yyyy-mm-dd") & " " & TEXT(D203, "hh:mm:ss") & "', 'YYYY-MM-DD HH24:MI:SS')") & ", " & IF(E203="", "NULL", "TO_DATE('" & TEXT(C203, "yyyy-mm-dd") & " " & TEXT(E203, "hh:mm:ss") & "', 'YYYY-MM-DD HH24:MI:SS')") & ");" -> INSERT INTO tblDayAttendanceLog VALUES (seqDayAttendanceLog.nextval, 34, TO_DATE('2025-08-04', 'YYYY-MM-DD'), TO_DATE('2025-08-04 08:05:00', 'YYYY-MM-DD HH24:MI:SS'), TO_DATE('2025-08-04 17:52:00', 'YYYY-MM-DD HH24:MI:SS'));
A204: seqDayAttendanceLog.nextval | B204: 35 | C204: 45873 | D204: 45873.387 | E204: 45873.745 | F204: 지각 | H204: ="INSERT INTO tblDayAttendanceLog VALUES (" & A204 & ", " & B204 & ", " & "TO_DATE('" & TEXT(C204, "yyyy-mm-dd") & "', 'YYYY-MM-DD'), " & IF(D204="", "NULL", "TO_DATE('" & TEXT(C204, "yyyy-mm-dd") & " " & TEXT(D204, "hh:mm:ss") & "', 'YYYY-MM-DD HH24:MI:SS')") & ", " & IF(E204="", "NULL", "TO_DATE('" & TEXT(C204, "yyyy-mm-dd") & " " & TEXT(E204, "hh:mm:ss") & "', 'YYYY-MM-DD HH24:MI:SS')") & ");" -> INSERT INTO tblDayAttendanceLog VALUES (seqDayAttendanceLog.nextval, 35, TO_DATE('2025-08-04', 'YYYY-MM-DD'), TO_DATE('2025-08-04 09:18:00', 'YYYY-MM-DD HH24:MI:SS'), TO_DATE('2025-08-04 17:53:00', 'YYYY-MM-DD HH24:MI:SS'));
A205: seqDayAttendanceLog.nextval | B205: 36 | C205: 45873 | D205: 45873.363 | E205: 45873.743 | F205: 출석 | H205: ="INSERT INTO tblDayAttendanceLog VALUES (" & A205 & ", " & B205 & ", " & "TO_DATE('" & TEXT(C205, "yyyy-mm-dd") & "', 'YYYY-MM-DD'), " & IF(D205="", "NULL", "TO_DATE('" & TEXT(C205, "yyyy-mm-dd") & " " & TEXT(D205, "hh:mm:ss") & "', 'YYYY-MM-DD HH24:MI:SS')") & ", " & IF(E205="", "NULL", "TO_DATE('" & TEXT(C205, "yyyy-mm-dd") & " " & TEXT(E205, "hh:mm:ss") & "', 'YYYY-MM-DD HH24:MI:SS')") & ");" -> INSERT INTO tblDayAttendanceLog VALUES (seqDayAttendanceLog.nextval, 36, TO_DATE('2025-08-04', 'YYYY-MM-DD'), TO_DATE('2025-08-04 08:42:00', 'YYYY-MM-DD HH24:MI:SS'), TO_DATE('2025-08-04 17:50:00', 'YYYY-MM-DD HH24:MI:SS'));
A206: seqDayAttendanceLog.nextval | B206: 37 | C206: 45873 | D206: 45873.383 | E206: 45873.747 | F206: 지각 | H206: ="INSERT INTO tblDayAttendanceLog VALUES (" & A206 & ", " & B206 & ", " & "TO_DATE('" & TEXT(C206, "yyyy-mm-dd") & "', 'YYYY-MM-DD'), " & IF(D206="", "NULL", "TO_DATE('" & TEXT(C206, "yyyy-mm-dd") & " " & TEXT(D206, "hh:mm:ss") & "', 'YYYY-MM-DD HH24:MI:SS')") & ", " & IF(E206="", "NULL", "TO_DATE('" & TEXT(C206, "yyyy-mm-dd") & " " & TEXT(E206, "hh:mm:ss") & "', 'YYYY-MM-DD HH24:MI:SS')") & ");" -> INSERT INTO tblDayAttendanceLog VALUES (seqDayAttendanceLog.nextval, 37, TO_DATE('2025-08-04', 'YYYY-MM-DD'), TO_DATE('2025-08-04 09:12:00', 'YYYY-MM-DD HH24:MI:SS'), TO_DATE('2025-08-04 17:55:00', 'YYYY-MM-DD HH24:MI:SS'));
A207: seqDayAttendanceLog.nextval | B207: 38 | C207: 45873 | D207: 45873.412 | E207: 45873.744 | F207: 지각 | H207: ="INSERT INTO tblDayAttendanceLog VALUES (" & A207 & ", " & B207 & ", " & "TO_DATE('" & TEXT(C207, "yyyy-mm-dd") & "', 'YYYY-MM-DD'), " & IF(D207="", "NULL", "TO_DATE('" & TEXT(C207, "yyyy-mm-dd") & " " & TEXT(D207, "hh:mm:ss") & "', 'YYYY-MM-DD HH24:MI:SS')") & ", " & IF(E207="", "NULL", "TO_DATE('" & TEXT(C207, "yyyy-mm-dd") & " " & TEXT(E207, "hh:mm:ss") & "', 'YYYY-MM-DD HH24:MI:SS')") & ");" -> INSERT INTO tblDayAttendanceLog VALUES (seqDayAttendanceLog.nextval, 38, TO_DATE('2025-08-04', 'YYYY-MM-DD'), TO_DATE('2025-08-04 09:53:00', 'YYYY-MM-DD HH24:MI:SS'), TO_DATE('2025-08-04 17:51:00', 'YYYY-MM-DD HH24:MI:SS'));
A208: seqDayAttendanceLog.nextval | B208: 39 | C208: 45873 | F208: 결석 | H208: ="INSERT INTO tblDayAttendanceLog VALUES (" & A208 & ", " & B208 & ", " & "TO_DATE('" & TEXT(C208, "yyyy-mm-dd") & "', 'YYYY-MM-DD'), " & IF(D208="", "NULL", "TO_DATE('" & TEXT(C208, "yyyy-mm-dd") & " " & TEXT(D208, "hh:mm:ss") & "', 'YYYY-MM-DD HH24:MI:SS')") & ", " & IF(E208="", "NULL", "TO_DATE('" & TEXT(C208, "yyyy-mm-dd") & " " & TEXT(E208, "hh:mm:ss") & "', 'YYYY-MM-DD HH24:MI:SS')") & ");" -> INSERT INTO tblDayAttendanceLog VALUES (seqDayAttendanceLog.nextval, 39, TO_DATE('2025-08-04', 'YYYY-MM-DD'), NULL, NULL);
A209: seqDayAttendanceLog.nextval | B209: 40 | C209: 45873 | D209: 45873.403 | E209: 45873.749 | F209: 지각 | H209: ="INSERT INTO tblDayAttendanceLog VALUES (" & A209 & ", " & B209 & ", " & "TO_DATE('" & TEXT(C209, "yyyy-mm-dd") & "', 'YYYY-MM-DD'), " & IF(D209="", "NULL", "TO_DATE('" & TEXT(C209, "yyyy-mm-dd") & " " & TEXT(D209, "hh:mm:ss") & "', 'YYYY-MM-DD HH24:MI:SS')") & ", " & IF(E209="", "NULL", "TO_DATE('" & TEXT(C209, "yyyy-mm-dd") & " " & TEXT(E209, "hh:mm:ss") & "', 'YYYY-MM-DD HH24:MI:SS')") & ");" -> INSERT INTO tblDayAttendanceLog VALUES (seqDayAttendanceLog.nextval, 40, TO_DATE('2025-08-04', 'YYYY-MM-DD'), TO_DATE('2025-08-04 09:41:00', 'YYYY-MM-DD HH24:MI:SS'), TO_DATE('2025-08-04 17:59:00', 'YYYY-MM-DD HH24:MI:SS'));
A210: seqDayAttendanceLog.nextval | B210: 41 | C210: 45873 | D210: 45873.376 | E210: 45873.746 | F210: 지각 | H210: ="INSERT INTO tblDayAttendanceLog VALUES (" & A210 & ", " & B210 & ", " & "TO_DATE('" & TEXT(C210, "yyyy-mm-dd") & "', 'YYYY-MM-DD'), " & IF(D210="", "NULL", "TO_DATE('" & TEXT(C210, "yyyy-mm-dd") & " " & TEXT(D210, "hh:mm:ss") & "', 'YYYY-MM-DD HH24:MI:SS')") & ", " & IF(E210="", "NULL", "TO_DATE('" & TEXT(C210, "yyyy-mm-dd") & " " & TEXT(E210, "hh:mm:ss") & "', 'YYYY-MM-DD HH24:MI:SS')") & ");" -> INSERT INTO tblDayAttendanceLog VALUES (seqDayAttendanceLog.nextval, 41, TO_DATE('2025-08-04', 'YYYY-MM-DD'), TO_DATE('2025-08-04 09:02:00', 'YYYY-MM-DD HH24:MI:SS'), TO_DATE('2025-08-04 17:54:00', 'YYYY-MM-DD HH24:MI:SS'));
A211: seqDayAttendanceLog.nextval | B211: 42 | C211: 45873 | D211: 45873.372 | E211: 45873.748 | F211: 출석 | H211: ="INSERT INTO tblDayAttendanceLog VALUES (" & A211 & ", " & B211 & ", " & "TO_DATE('" & TEXT(C211, "yyyy-mm-dd") & "', 'YYYY-MM-DD'), " & IF(D211="", "NULL", "TO_DATE('" & TEXT(C211, "yyyy-mm-dd") & " " & TEXT(D211, "hh:mm:ss") & "', 'YYYY-MM-DD HH24:MI:SS')") & ", " & IF(E211="", "NULL", "TO_DATE('" & TEXT(C211, "yyyy-mm-dd") & " " & TEXT(E211, "hh:mm:ss") & "', 'YYYY-MM-DD HH24:MI:SS')") & ");" -> INSERT INTO tblDayAttendanceLog VALUES (seqDayAttendanceLog.nextval, 42, TO_DATE('2025-08-04', 'YYYY-MM-DD'), TO_DATE('2025-08-04 08:55:00', 'YYYY-MM-DD HH24:MI:SS'), TO_DATE('2025-08-04 17:57:00', 'YYYY-MM-DD HH24:MI:SS'));
A212: seqDayAttendanceLog.nextval | B212: 43 | C212: 45873 | D212: 45873.392 | E212: 45873.746 | F212: 지각 | H212: ="INSERT INTO tblDayAttendanceLog VALUES (" & A212 & ", " & B212 & ", " & "TO_DATE('" & TEXT(C212, "yyyy-mm-dd") & "', 'YYYY-MM-DD'), " & IF(D212="", "NULL", "TO_DATE('" & TEXT(C212, "yyyy-mm-dd") & " " & TEXT(D212, "hh:mm:ss") & "', 'YYYY-MM-DD HH24:MI:SS')") & ", " & IF(E212="", "NULL", "TO_DATE('" & TEXT(C212, "yyyy-mm-dd") & " " & TEXT(E212, "hh:mm:ss") & "', 'YYYY-MM-DD HH24:MI:SS')") & ");" -> INSERT INTO tblDayAttendanceLog VALUES (seqDayAttendanceLog.nextval, 43, TO_DATE('2025-08-04', 'YYYY-MM-DD'), TO_DATE('2025-08-04 09:24:00', 'YYYY-MM-DD HH24:MI:SS'), TO_DATE('2025-08-04 17:54:00', 'YYYY-MM-DD HH24:MI:SS'));
A213: seqDayAttendanceLog.nextval | B213: 44 | C213: 45873 | D213: 45873.363 | E213: 45873.748 | F213: 출석 | H213: ="INSERT INTO tblDayAttendanceLog VALUES (" & A213 & ", " & B213 & ", " & "TO_DATE('" & TEXT(C213, "yyyy-mm-dd") & "', 'YYYY-MM-DD'), " & IF(D213="", "NULL", "TO_DATE('" & TEXT(C213, "yyyy-mm-dd") & " " & TEXT(D213, "hh:mm:ss") & "', 'YYYY-MM-DD HH24:MI:SS')") & ", " & IF(E213="", "NULL", "TO_DATE('" & TEXT(C213, "yyyy-mm-dd") & " " & TEXT(E213, "hh:mm:ss") & "', 'YYYY-MM-DD HH24:MI:SS')") & ");" -> INSERT INTO tblDayAttendanceLog VALUES (seqDayAttendanceLog.nextval, 44, TO_DATE('2025-08-04', 'YYYY-MM-DD'), TO_DATE('2025-08-04 08:42:00', 'YYYY-MM-DD HH24:MI:SS'), TO_DATE('2025-08-04 17:57:00', 'YYYY-MM-DD HH24:MI:SS'));
A214: seqDayAttendanceLog.nextval | B214: 45 | C214: 45873 | F214: 결석 | H214: ="INSERT INTO tblDayAttendanceLog VALUES (" & A214 & ", " & B214 & ", " & "TO_DATE('" & TEXT(C214, "yyyy-mm-dd") & "', 'YYYY-MM-DD'), " & IF(D214="", "NULL", "TO_DATE('" & TEXT(C214, "yyyy-mm-dd") & " " & TEXT(D214, "hh:mm:ss") & "', 'YYYY-MM-DD HH24:MI:SS')") & ", " & IF(E214="", "NULL", "TO_DATE('" & TEXT(C214, "yyyy-mm-dd") & " " & TEXT(E214, "hh:mm:ss") & "', 'YYYY-MM-DD HH24:MI:SS')") & ");" -> INSERT INTO tblDayAttendanceLog VALUES (seqDayAttendanceLog.nextval, 45, TO_DATE('2025-08-04', 'YYYY-MM-DD'), NULL, NULL);
A215: seqDayAttendanceLog.nextval | B215: 46 | C215: 45873 | D215: 45873.369 | E215: 45873.743 | F215: 출석 | H215: ="INSERT INTO tblDayAttendanceLog VALUES (" & A215 & ", " & B215 & ", " & "TO_DATE('" & TEXT(C215, "yyyy-mm-dd") & "', 'YYYY-MM-DD'), " & IF(D215="", "NULL", "TO_DATE('" & TEXT(C215, "yyyy-mm-dd") & " " & TEXT(D215, "hh:mm:ss") & "', 'YYYY-MM-DD HH24:MI:SS')") & ", " & IF(E215="", "NULL", "TO_DATE('" & TEXT(C215, "yyyy-mm-dd") & " " & TEXT(E215, "hh:mm:ss") & "', 'YYYY-MM-DD HH24:MI:SS')") & ");" -> INSERT INTO tblDayAttendanceLog VALUES (seqDayAttendanceLog.nextval, 46, TO_DATE('2025-08-04', 'YYYY-MM-DD'), TO_DATE('2025-08-04 08:52:00', 'YYYY-MM-DD HH24:MI:SS'), TO_DATE('2025-08-04 17:50:00', 'YYYY-MM-DD HH24:MI:SS'));
A216: seqDayAttendanceLog.nextval | B216: 47 | C216: 45873 | D216: 45873.353 | E216: 45873.743 | F216: 출석 | H216: ="INSERT INTO tblDayAttendanceLog VALUES (" & A216 & ", " & B216 & ", " & "TO_DATE('" & TEXT(C216, "yyyy-mm-dd") & "', 'YYYY-MM-DD'), " & IF(D216="", "NULL", "TO_DATE('" & TEXT(C216, "yyyy-mm-dd") & " " & TEXT(D216, "hh:mm:ss") & "', 'YYYY-MM-DD HH24:MI:SS')") & ", " & IF(E216="", "NULL", "TO_DATE('" & TEXT(C216, "yyyy-mm-dd") & " " & TEXT(E216, "hh:mm:ss") & "', 'YYYY-MM-DD HH24:MI:SS')") & ");" -> INSERT INTO tblDayAttendanceLog VALUES (seqDayAttendanceLog.nextval, 47, TO_DATE('2025-08-04', 'YYYY-MM-DD'), TO_DATE('2025-08-04 08:29:00', 'YYYY-MM-DD HH24:MI:SS'), TO_DATE('2025-08-04 17:50:00', 'YYYY-MM-DD HH24:MI:SS'));
A217: seqDayAttendanceLog.nextval | B217: 48 | C217: 45873 | D217: 45873.353 | E217: 45873.637 | F217: 조퇴 | H217: ="INSERT INTO tblDayAttendanceLog VALUES (" & A217 & ", " & B217 & ", " & "TO_DATE('" & TEXT(C217, "yyyy-mm-dd") & "', 'YYYY-MM-DD'), " & IF(D217="", "NULL", "TO_DATE('" & TEXT(C217, "yyyy-mm-dd") & " " & TEXT(D217, "hh:mm:ss") & "', 'YYYY-MM-DD HH24:MI:SS')") & ", " & IF(E217="", "NULL", "TO_DATE('" & TEXT(C217, "yyyy-mm-dd") & " " & TEXT(E217, "hh:mm:ss") & "', 'YYYY-MM-DD HH24:MI:SS')") & ");" -> INSERT INTO tblDayAttendanceLog VALUES (seqDayAttendanceLog.nextval, 48, TO_DATE('2025-08-04', 'YYYY-MM-DD'), TO_DATE('2025-08-04 08:28:00', 'YYYY-MM-DD HH24:MI:SS'), TO_DATE('2025-08-04 15:18:00', 'YYYY-MM-DD HH24:MI:SS'));
A218: seqDayAttendanceLog.nextval | B218: 49 | C218: 45873 | D218: 45873.409 | E218: 45873.747 | F218: 지각 | H218: ="INSERT INTO tblDayAttendanceLog VALUES (" & A218 & ", " & B218 & ", " & "TO_DATE('" & TEXT(C218, "yyyy-mm-dd") & "', 'YYYY-MM-DD'), " & IF(D218="", "NULL", "TO_DATE('" & TEXT(C218, "yyyy-mm-dd") & " " & TEXT(D218, "hh:mm:ss") & "', 'YYYY-MM-DD HH24:MI:SS')") & ", " & IF(E218="", "NULL", "TO_DATE('" & TEXT(C218, "yyyy-mm-dd") & " " & TEXT(E218, "hh:mm:ss") & "', 'YYYY-MM-DD HH24:MI:SS')") & ");" -> INSERT INTO tblDayAttendanceLog VALUES (seqDayAttendanceLog.nextval, 49, TO_DATE('2025-08-04', 'YYYY-MM-DD'), TO_DATE('2025-08-04 09:49:00', 'YYYY-MM-DD HH24:MI:SS'), TO_DATE('2025-08-04 17:56:00', 'YYYY-MM-DD HH24:MI:SS'));
A219: seqDayAttendanceLog.nextval | B219: 50 | C219: 45873 | D219: 45873.339 | E219: 45873.743 | F219: 출석 | H219: ="INSERT INTO tblDayAttendanceLog VALUES (" & A219 & ", " & B219 & ", " & "TO_DATE('" & TEXT(C219, "yyyy-mm-dd") & "', 'YYYY-MM-DD'), " & IF(D219="", "NULL", "TO_DATE('" & TEXT(C219, "yyyy-mm-dd") & " " & TEXT(D219, "hh:mm:ss") & "', 'YYYY-MM-DD HH24:MI:SS')") & ", " & IF(E219="", "NULL", "TO_DATE('" & TEXT(C219, "yyyy-mm-dd") & " " & TEXT(E219, "hh:mm:ss") & "', 'YYYY-MM-DD HH24:MI:SS')") & ");" -> INSERT INTO tblDayAttendanceLog VALUES (seqDayAttendanceLog.nextval, 50, TO_DATE('2025-08-04', 'YYYY-MM-DD'), TO_DATE('2025-08-04 08:08:00', 'YYYY-MM-DD HH24:MI:SS'), TO_DATE('2025-08-04 17:50:00', 'YYYY-MM-DD HH24:MI:SS'));
A220: seqDayAttendanceLog.nextval | B220: 51 | C220: 45873 | D220: 45873.36 | E220: 45873.749 | F220: 출석 | H220: ="INSERT INTO tblDayAttendanceLog VALUES (" & A220 & ", " & B220 & ", " & "TO_DATE('" & TEXT(C220, "yyyy-mm-dd") & "', 'YYYY-MM-DD'), " & IF(D220="", "NULL", "TO_DATE('" & TEXT(C220, "yyyy-mm-dd") & " " & TEXT(D220, "hh:mm:ss") & "', 'YYYY-MM-DD HH24:MI:SS')") & ", " & IF(E220="", "NULL", "TO_DATE('" & TEXT(C220, "yyyy-mm-dd") & " " & TEXT(E220, "hh:mm:ss") & "', 'YYYY-MM-DD HH24:MI:SS')") & ");" -> INSERT INTO tblDayAttendanceLog VALUES (seqDayAttendanceLog.nextval, 51, TO_DATE('2025-08-04', 'YYYY-MM-DD'), TO_DATE('2025-08-04 08:38:00', 'YYYY-MM-DD HH24:MI:SS'), TO_DATE('2025-08-04 17:58:00', 'YYYY-MM-DD HH24:MI:SS'));
A221: seqDayAttendanceLog.nextval | B221: 52 | C221: 45873 | D221: 45873.408 | E221: 45873.748 | F221: 지각 | H221: ="INSERT INTO tblDayAttendanceLog VALUES (" & A221 & ", " & B221 & ", " & "TO_DATE('" & TEXT(C221, "yyyy-mm-dd") & "', 'YYYY-MM-DD'), " & IF(D221="", "NULL", "TO_DATE('" & TEXT(C221, "yyyy-mm-dd") & " " & TEXT(D221, "hh:mm:ss") & "', 'YYYY-MM-DD HH24:MI:SS')") & ", " & IF(E221="", "NULL", "TO_DATE('" & TEXT(C221, "yyyy-mm-dd") & " " & TEXT(E221, "hh:mm:ss") & "', 'YYYY-MM-DD HH24:MI:SS')") & ");" -> INSERT INTO tblDayAttendanceLog VALUES (seqDayAttendanceLog.nextval, 52, TO_DATE('2025-08-04', 'YYYY-MM-DD'), TO_DATE('2025-08-04 09:47:00', 'YYYY-MM-DD HH24:MI:SS'), TO_DATE('2025-08-04 17:57:00', 'YYYY-MM-DD HH24:MI:SS'));
A222: seqDayAttendanceLog.nextval | B222: 53 | C222: 45873 | D222: 45873.384 | E222: 45873.748 | F222: 지각 | H222: ="INSERT INTO tblDayAttendanceLog VALUES (" & A222 & ", " & B222 & ", " & "TO_DATE('" & TEXT(C222, "yyyy-mm-dd") & "', 'YYYY-MM-DD'), " & IF(D222="", "NULL", "TO_DATE('" & TEXT(C222, "yyyy-mm-dd") & " " & TEXT(D222, "hh:mm:ss") & "', 'YYYY-MM-DD HH24:MI:SS')") & ", " & IF(E222="", "NULL", "TO_DATE('" & TEXT(C222, "yyyy-mm-dd") & " " & TEXT(E222, "hh:mm:ss") & "', 'YYYY-MM-DD HH24:MI:SS')") & ");" -> INSERT INTO tblDayAttendanceLog VALUES (seqDayAttendanceLog.nextval, 53, TO_DATE('2025-08-04', 'YYYY-MM-DD'), TO_DATE('2025-08-04 09:13:00', 'YYYY-MM-DD HH24:MI:SS'), TO_DATE('2025-08-04 17:57:00', 'YYYY-MM-DD HH24:MI:SS'));
A223: seqDayAttendanceLog.nextval | B223: 54 | C223: 45873 | D223: 45873.391 | E223: 45873.748 | F223: 지각 | H223: ="INSERT INTO tblDayAttendanceLog VALUES (" & A223 & ", " & B223 & ", " & "TO_DATE('" & TEXT(C223, "yyyy-mm-dd") & "', 'YYYY-MM-DD'), " & IF(D223="", "NULL", "TO_DATE('" & TEXT(C223, "yyyy-mm-dd") & " " & TEXT(D223, "hh:mm:ss") & "', 'YYYY-MM-DD HH24:MI:SS')") & ", " & IF(E223="", "NULL", "TO_DATE('" & TEXT(C223, "yyyy-mm-dd") & " " & TEXT(E223, "hh:mm:ss") & "', 'YYYY-MM-DD HH24:MI:SS')") & ");" -> INSERT INTO tblDayAttendanceLog VALUES (seqDayAttendanceLog.nextval, 54, TO_DATE('2025-08-04', 'YYYY-MM-DD'), TO_DATE('2025-08-04 09:23:00', 'YYYY-MM-DD HH24:MI:SS'), TO_DATE('2025-08-04 17:57:00', 'YYYY-MM-DD HH24:MI:SS'));
A224: seqDayAttendanceLog.nextval | B224: 55 | C224: 45873 | D224: 45873.333 | E224: 45873.747 | F224: 출석 | H224: ="INSERT INTO tblDayAttendanceLog VALUES (" & A224 & ", " & B224 & ", " & "TO_DATE('" & TEXT(C224, "yyyy-mm-dd") & "', 'YYYY-MM-DD'), " & IF(D224="", "NULL", "TO_DATE('" & TEXT(C224, "yyyy-mm-dd") & " " & TEXT(D224, "hh:mm:ss") & "', 'YYYY-MM-DD HH24:MI:SS')") & ", " & IF(E224="", "NULL", "TO_DATE('" & TEXT(C224, "yyyy-mm-dd") & " " & TEXT(E224, "hh:mm:ss") & "', 'YYYY-MM-DD HH24:MI:SS')") & ");" -> INSERT INTO tblDayAttendanceLog VALUES (seqDayAttendanceLog.nextval, 55, TO_DATE('2025-08-04', 'YYYY-MM-DD'), TO_DATE('2025-08-04 08:00:00', 'YYYY-MM-DD HH24:MI:SS'), TO_DATE('2025-08-04 17:56:00', 'YYYY-MM-DD HH24:MI:SS'));
A225: seqDayAttendanceLog.nextval | B225: 56 | C225: 45873 | D225: 45873.383 | E225: 45873.748 | F225: 지각 | H225: ="INSERT INTO tblDayAttendanceLog VALUES (" & A225 & ", " & B225 & ", " & "TO_DATE('" & TEXT(C225, "yyyy-mm-dd") & "', 'YYYY-MM-DD'), " & IF(D225="", "NULL", "TO_DATE('" & TEXT(C225, "yyyy-mm-dd") & " " & TEXT(D225, "hh:mm:ss") & "', 'YYYY-MM-DD HH24:MI:SS')") & ", " & IF(E225="", "NULL", "TO_DATE('" & TEXT(C225, "yyyy-mm-dd") & " " & TEXT(E225, "hh:mm:ss") & "', 'YYYY-MM-DD HH24:MI:SS')") & ");" -> INSERT INTO tblDayAttendanceLog VALUES (seqDayAttendanceLog.nextval, 56, TO_DATE('2025-08-04', 'YYYY-MM-DD'), TO_DATE('2025-08-04 09:12:00', 'YYYY-MM-DD HH24:MI:SS'), TO_DATE('2025-08-04 17:57:00', 'YYYY-MM-DD HH24:MI:SS'));
A226: seqDayAttendanceLog.nextval | B226: 57 | C226: 45873 | D226: 45873.401 | E226: 45873.745 | F226: 지각 | H226: ="INSERT INTO tblDayAttendanceLog VALUES (" & A226 & ", " & B226 & ", " & "TO_DATE('" & TEXT(C226, "yyyy-mm-dd") & "', 'YYYY-MM-DD'), " & IF(D226="", "NULL", "TO_DATE('" & TEXT(C226, "yyyy-mm-dd") & " " & TEXT(D226, "hh:mm:ss") & "', 'YYYY-MM-DD HH24:MI:SS')") & ", " & IF(E226="", "NULL", "TO_DATE('" & TEXT(C226, "yyyy-mm-dd") & " " & TEXT(E226, "hh:mm:ss") & "', 'YYYY-MM-DD HH24:MI:SS')") & ");" -> INSERT INTO tblDayAttendanceLog VALUES (seqDayAttendanceLog.nextval, 57, TO_DATE('2025-08-04', 'YYYY-MM-DD'), TO_DATE('2025-08-04 09:37:00', 'YYYY-MM-DD HH24:MI:SS'), TO_DATE('2025-08-04 17:53:00', 'YYYY-MM-DD HH24:MI:SS'));
... A231: seqDayAttendanceLog.nextval | B231: 62 | C231: 45873 | D231: 45873.393 | E231: 45873.747 | F231: 지각 | H231: ="INSERT INTO tblDayAttendanceLog VALUES (" & A231 & ", " & B231 & ", " & "TO_DATE('" & TEXT(C231, "yyyy-mm-dd") & "', 'YYYY-MM-DD'), " & IF(D231="", "NULL", "TO_DATE('" & TEXT(C231, "yyyy-mm-dd") & " " & TEXT(D231, "hh:mm:ss") & "', 'YYYY-MM-DD HH24:MI:SS')") & ", " & IF(E231="", "NULL", "TO_DATE('" & TEXT(C231, "yyyy-mm-dd") & " " & TEXT(E231, "hh:mm:ss") & "', 'YYYY-MM-DD HH24:MI:SS')") & ");" -> INSERT INTO tblDayAttendanceLog VALUES (seqDayAttendanceLog.nextval, 62, TO_DATE('2025-08-04', 'YYYY-MM-DD'), TO_DATE('2025-08-04 09:26:00', 'YYYY-MM-DD HH24:MI:SS'), TO_DATE('2025-08-04 17:56:00', 'YYYY-MM-DD HH24:MI:SS'));
A232: seqDayAttendanceLog.nextval | B232: 63 | C232: 45873 | F232: 결석 | H232: ="INSERT INTO tblDayAttendanceLog VALUES (" & A232 & ", " & B232 & ", " & "TO_DATE('" & TEXT(C232, "yyyy-mm-dd") & "', 'YYYY-MM-DD'), " & IF(D232="", "NULL", "TO_DATE('" & TEXT(C232, "yyyy-mm-dd") & " " & TEXT(D232, "hh:mm:ss") & "', 'YYYY-MM-DD HH24:MI:SS')") & ", " & IF(E232="", "NULL", "TO_DATE('" & TEXT(C232, "yyyy-mm-dd") & " " & TEXT(E232, "hh:mm:ss") & "', 'YYYY-MM-DD HH24:MI:SS')") & ");" -> INSERT INTO tblDayAttendanceLog VALUES (seqDayAttendanceLog.nextval, 63, TO_DATE('2025-08-04', 'YYYY-MM-DD'), NULL, NULL);
A233: seqDayAttendanceLog.nextval | B233: 64 | C233: 45873 | D233: 45873.381 | E233: 45873.747 | F233: 지각 | H233: ="INSERT INTO tblDayAttendanceLog VALUES (" & A233 & ", " & B233 & ", " & "TO_DATE('" & TEXT(C233, "yyyy-mm-dd") & "', 'YYYY-MM-DD'), " & IF(D233="", "NULL", "TO_DATE('" & TEXT(C233, "yyyy-mm-dd") & " " & TEXT(D233, "hh:mm:ss") & "', 'YYYY-MM-DD HH24:MI:SS')") & ", " & IF(E233="", "NULL", "TO_DATE('" & TEXT(C233, "yyyy-mm-dd") & " " & TEXT(E233, "hh:mm:ss") & "', 'YYYY-MM-DD HH24:MI:SS')") & ");" -> INSERT INTO tblDayAttendanceLog VALUES (seqDayAttendanceLog.nextval, 64, TO_DATE('2025-08-04', 'YYYY-MM-DD'), TO_DATE('2025-08-04 09:09:00', 'YYYY-MM-DD HH24:MI:SS'), TO_DATE('2025-08-04 17:55:00', 'YYYY-MM-DD HH24:MI:SS'));
A234: seqDayAttendanceLog.nextval | B234: 65 | C234: 45873 | D234: 45873.401 | E234: 45873.744 | F234: 지각 | H234: ="INSERT INTO tblDayAttendanceLog VALUES (" & A234 & ", " & B234 & ", " & "TO_DATE('" & TEXT(C234, "yyyy-mm-dd") & "', 'YYYY-MM-DD'), " & IF(D234="", "NULL", "TO_DATE('" & TEXT(C234, "yyyy-mm-dd") & " " & TEXT(D234, "hh:mm:ss") & "', 'YYYY-MM-DD HH24:MI:SS')") & ", " & IF(E234="", "NULL", "TO_DATE('" & TEXT(C234, "yyyy-mm-dd") & " " & TEXT(E234, "hh:mm:ss") & "', 'YYYY-MM-DD HH24:MI:SS')") & ");" -> INSERT INTO tblDayAttendanceLog VALUES (seqDayAttendanceLog.nextval, 65, TO_DATE('2025-08-04', 'YYYY-MM-DD'), TO_DATE('2025-08-04 09:38:00', 'YYYY-MM-DD HH24:MI:SS'), TO_DATE('2025-08-04 17:51:00', 'YYYY-MM-DD HH24:MI:SS'));
A235: seqDayAttendanceLog.nextval | B235: 66 | C235: 45873 | D235: 45873.407 | E235: 45873.747 | F235: 지각 | H235: ="INSERT INTO tblDayAttendanceLog VALUES (" & A235 & ", " & B235 & ", " & "TO_DATE('" & TEXT(C235, "yyyy-mm-dd") & "', 'YYYY-MM-DD'), " & IF(D235="", "NULL", "TO_DATE('" & TEXT(C235, "yyyy-mm-dd") & " " & TEXT(D235, "hh:mm:ss") & "', 'YYYY-MM-DD HH24:MI:SS')") & ", " & IF(E235="", "NULL", "TO_DATE('" & TEXT(C235, "yyyy-mm-dd") & " " & TEXT(E235, "hh:mm:ss") & "', 'YYYY-MM-DD HH24:MI:SS')") & ");" -> INSERT INTO tblDayAttendanceLog VALUES (seqDayAttendanceLog.nextval, 66, TO_DATE('2025-08-04', 'YYYY-MM-DD'), TO_DATE('2025-08-04 09:46:00', 'YYYY-MM-DD HH24:MI:SS'), TO_DATE('2025-08-04 17:56:00', 'YYYY-MM-DD HH24:MI:SS'));
A236: seqDayAttendanceLog.nextval | B236: 67 | C236: 45873 | D236: 45873.407 | E236: 45873.749 | F236: 지각 | H236: ="INSERT INTO tblDayAttendanceLog VALUES (" & A236 & ", " & B236 & ", " & "TO_DATE('" & TEXT(C236, "yyyy-mm-dd") & "', 'YYYY-MM-DD'), " & IF(D236="", "NULL", "TO_DATE('" & TEXT(C236, "yyyy-mm-dd") & " " & TEXT(D236, "hh:mm:ss") & "', 'YYYY-MM-DD HH24:MI:SS')") & ", " & IF(E236="", "NULL", "TO_DATE('" & TEXT(C236, "yyyy-mm-dd") & " " & TEXT(E236, "hh:mm:ss") & "', 'YYYY-MM-DD HH24:MI:SS')") & ");" -> INSERT INTO tblDayAttendanceLog VALUES (seqDayAttendanceLog.nextval, 67, TO_DATE('2025-08-04', 'YYYY-MM-DD'), TO_DATE('2025-08-04 09:46:00', 'YYYY-MM-DD HH24:MI:SS'), TO_DATE('2025-08-04 17:59:00', 'YYYY-MM-DD HH24:MI:SS'));
A237: seqDayAttendanceLog.nextval | B237: 68 | C237: 45873 | D237: 45873.403 | E237: 45873.747 | F237: 지각 | H237: ="INSERT INTO tblDayAttendanceLog VALUES (" & A237 & ", " & B237 & ", " & "TO_DATE('" & TEXT(C237, "yyyy-mm-dd") & "', 'YYYY-MM-DD'), " & IF(D237="", "NULL", "TO_DATE('" & TEXT(C237, "yyyy-mm-dd") & " " & TEXT(D237, "hh:mm:ss") & "', 'YYYY-MM-DD HH24:MI:SS')") & ", " & IF(E237="", "NULL", "TO_DATE('" & TEXT(C237, "yyyy-mm-dd") & " " & TEXT(E237, "hh:mm:ss") & "', 'YYYY-MM-DD HH24:MI:SS')") & ");" -> INSERT INTO tblDayAttendanceLog VALUES (seqDayAttendanceLog.nextval, 68, TO_DATE('2025-08-04', 'YYYY-MM-DD'), TO_DATE('2025-08-04 09:41:00', 'YYYY-MM-DD HH24:MI:SS'), TO_DATE('2025-08-04 17:56:00', 'YYYY-MM-DD HH24:MI:SS'));
A238: seqDayAttendanceLog.nextval | B238: 69 | C238: 45873 | D238: 45873.367 | E238: 45873.745 | F238: 출석 | H238: ="INSERT INTO tblDayAttendanceLog VALUES (" & A238 & ", " & B238 & ", " & "TO_DATE('" & TEXT(C238, "yyyy-mm-dd") & "', 'YYYY-MM-DD'), " & IF(D238="", "NULL", "TO_DATE('" & TEXT(C238, "yyyy-mm-dd") & " " & TEXT(D238, "hh:mm:ss") & "', 'YYYY-MM-DD HH24:MI:SS')") & ", " & IF(E238="", "NULL", "TO_DATE('" & TEXT(C238, "yyyy-mm-dd") & " " & TEXT(E238, "hh:mm:ss") & "', 'YYYY-MM-DD HH24:MI:SS')") & ");" -> INSERT INTO tblDayAttendanceLog VALUES (seqDayAttendanceLog.nextval, 69, TO_DATE('2025-08-04', 'YYYY-MM-DD'), TO_DATE('2025-08-04 08:48:00', 'YYYY-MM-DD HH24:MI:SS'), TO_DATE('2025-08-04 17:53:00', 'YYYY-MM-DD HH24:MI:SS'));
A239: seqDayAttendanceLog.nextval | B239: 70 | C239: 45873 | D239: 45873.372 | E239: 45873.744 | F239: 출석 | H239: ="INSERT INTO tblDayAttendanceLog VALUES (" & A239 & ", " & B239 & ", " & "TO_DATE('" & TEXT(C239, "yyyy-mm-dd") & "', 'YYYY-MM-DD'), " & IF(D239="", "NULL", "TO_DATE('" & TEXT(C239, "yyyy-mm-dd") & " " & TEXT(D239, "hh:mm:ss") & "', 'YYYY-MM-DD HH24:MI:SS')") & ", " & IF(E239="", "NULL", "TO_DATE('" & TEXT(C239, "yyyy-mm-dd") & " " & TEXT(E239, "hh:mm:ss") & "', 'YYYY-MM-DD HH24:MI:SS')") & ");" -> INSERT INTO tblDayAttendanceLog VALUES (seqDayAttendanceLog.nextval, 70, TO_DATE('2025-08-04', 'YYYY-MM-DD'), TO_DATE('2025-08-04 08:55:00', 'YYYY-MM-DD HH24:MI:SS'), TO_DATE('2025-08-04 17:52:00', 'YYYY-MM-DD HH24:MI:SS'));
A240: seqDayAttendanceLog.nextval | B240: 71 | C240: 45873 | D240: 45873.376 | E240: 45873.748 | F240: 지각 | H240: ="INSERT INTO tblDayAttendanceLog VALUES (" & A240 & ", " & B240 & ", " & "TO_DATE('" & TEXT(C240, "yyyy-mm-dd") & "', 'YYYY-MM-DD'), " & IF(D240="", "NULL", "TO_DATE('" & TEXT(C240, "yyyy-mm-dd") & " " & TEXT(D240, "hh:mm:ss") & "', 'YYYY-MM-DD HH24:MI:SS')") & ", " & IF(E240="", "NULL", "TO_DATE('" & TEXT(C240, "yyyy-mm-dd") & " " & TEXT(E240, "hh:mm:ss") & "', 'YYYY-MM-DD HH24:MI:SS')") & ");" -> INSERT INTO tblDayAttendanceLog VALUES (seqDayAttendanceLog.nextval, 71, TO_DATE('2025-08-04', 'YYYY-MM-DD'), TO_DATE('2025-08-04 09:02:00', 'YYYY-MM-DD HH24:MI:SS'), TO_DATE('2025-08-04 17:57:00', 'YYYY-MM-DD HH24:MI:SS'));
...

Sheet 취업관리
A1: 취업관리번호 | B1: 취업여부 | C1: 고용보험가입날짜 | D1: 수강생번호

Sheet 큐앤에이상담게시판
A1: 게시판번호 | B1: 제목 | C1: 내용 | D1: 등록날짜 | E1: 수강생번호 | F1: 답변번호 | G1: 답변여부번호

Sheet 큐앤에이삭제로그
A1: 삭제번호 | B1: 삭제시간 | C1: 관리자번호 | D1: 게시판번호

Sheet 큐앤에이답변
A1: 답변번호 | B1: 답변내용 | C1: 답변날짜 | D1: 교사번호

Sheet 보상 아이템
A1: 보상번호 | B1: 보상 아이템 목록 | C1: 보상 아이템 가격 | D1: 보상 종류
A2: seqReward.nextval | B2: 애플 정품 유선 이어팟/라이트닝 이어폰 | C2: 55000 | D2: 출결 | F2: ="INSERT INTO 테이블명 VALUES (" & A2 & ", '" & B2 & "', " & C2 & ", '" & D2 & "');" -> INSERT INTO 테이블명 VALUES (seqReward.nextval, '애플 정품 유선 이어팟/라이트닝 이어폰', 55000, '출결');
A3: seqReward.nextval | B3: 삼성 갤럭시 버즈 라이브 (리퍼/특가) | C3: 89000 | D3: 성적 | F3: ="INSERT INTO 테이블명 VALUES (" & A3 & ", '" & B3 & "', " & C3 & ", '" & D3 & "');" -> INSERT INTO 테이블명 VALUES (seqReward.nextval, '삼성 갤럭시 버즈 라이브 (리퍼/특가)', 89000, '성적');
A4: seqReward.nextval | B4: 로지텍 블루투스 무선 마우스 M650 | C4: 54000 | D4: 출결 | F4: ="INSERT INTO 테이블명 VALUES (" & A4 & ", '" & B4 & "', " & C4 & ", '" & D4 & "');" -> INSERT INTO 테이블명 VALUES (seqReward.nextval, '로지텍 블루투스 무선 마우스 M650', 54000, '출결');
A5: seqReward.nextval | B5: 문화상품권 5만원권 | C5: 50000 | D5: 성적 | F5: ="INSERT INTO 테이블명 VALUES (" & A5 & ", '" & B5 & "', " & C5 & ", '" & D5 & "');" -> INSERT INTO 테이블명 VALUES (seqReward.nextval, '문화상품권 5만원권', 50000, '성적');
A6: seqReward.nextval | B6: 신세계 백화점 상품권 10만원권 (이벤트용) | C6: 100000 | D6: 출결 | F6: ="INSERT INTO 테이블명 VALUES (" & A6 & ", '" & B6 & "', " & C6 & ", '" & D6 & "');" -> INSERT INTO 테이블명 VALUES (seqReward.nextval, '신세계 백화점 상품권 10만원권 (이벤트용)', 100000, '출결');
A7: seqReward.nextval | B7: 스타벅스 카드 (잔액형 기프트 카드) | C7: 50000 | D7: 성적 | F7: ="INSERT INTO 테이블명 VALUES (" & A7 & ", '" & B7 & "', " & C7 & ", '" & D7 & "');" -> INSERT INTO 테이블명 VALUES (seqReward.nextval, '스타벅스 카드 (잔액형 기프트 카드)', 50000, '성적');
A8: seqReward.nextval | B8: 무신사 상품권 | C8: 50000 | D8: 성적 | F8: ="INSERT INTO 테이블명 VALUES (" & A8 & ", '" & B8 & "', " & C8 & ", '" & D8 & "');" -> INSERT INTO 테이블명 VALUES (seqReward.nextval, '무신사 상품권', 50000, '성적');
A9: seqReward.nextval | B9: 다이소 프리패스권 (5만원 한도 물품 구매권) | C9: 50000 | D9: 성적 | F9: ="INSERT INTO 테이블명 VALUES (" & A9 & ", '" & B9 & "', " & C9 & ", '" & D9 & "');" -> INSERT INTO 테이블명 VALUES (seqReward.nextval, '다이소 프리패스권 (5만원 한도 물품 구매권)', 50000, '성적');
A10: seqReward.nextval | B10: 스마트 워치 (샤오미/가성비 브랜드) | C10: 65000 | D10: 성적 | F10: ="INSERT INTO 테이블명 VALUES (" & A10 & ", '" & B10 & "', " & C10 & ", '" & D10 & "');" -> INSERT INTO 테이블명 VALUES (seqReward.nextval, '스마트 워치 (샤오미/가성비 브랜드)', 65000, '성적');
A11: seqReward.nextval | B11: 휴대용 보조배터리 (Anker 10000mAh 이상) | C11: 59000 | D11: 출결 | F11: ="INSERT INTO 테이블명 VALUES (" & A11 & ", '" & B11 & "', " & C11 & ", '" & D11 & "');" -> INSERT INTO 테이블명 VALUES (seqReward.nextval, '휴대용 보조배터리 (Anker 10000mAh 이상)', 59000, '출결');
A12: seqReward.nextval | B12: 게이밍 헤드셋 (로지텍 G335 등) | C12: 89000 | D12: 성적 | F12: ="INSERT INTO 테이블명 VALUES (" & A12 & ", '" & B12 & "', " & C12 & ", '" & D12 & "');" -> INSERT INTO 테이블명 VALUES (seqReward.nextval, '게이밍 헤드셋 (로지텍 G335 등)', 89000, '성적');
A13: seqReward.nextval | B13: 책 + 문구류 종합 세트 (학습용 + 굿즈 포함) | C13: 60000 | D13: 출결 | F13: ="INSERT INTO 테이블명 VALUES (" & A13 & ", '" & B13 & "', " & C13 & ", '" & D13 & "');" -> INSERT INTO 테이블명 VALUES (seqReward.nextval, '책 + 문구류 종합 세트 (학습용 + 굿즈 포함)', 60000, '출결');
... A15: seqReward.nextval | B15: 유명 브랜드 텀블러 (스탠리/하이드로플라스크) | C15: 58000 | D15: 성적 | F15: ="INSERT INTO 테이블명 VALUES (" & A15 & ", '" & B15 & "', " & C15 & ", '" & D15 & "');" -> INSERT INTO 테이블명 VALUES (seqReward.nextval, '유명 브랜드 텀블러 (스탠리/하이드로플라스크)', 58000, '성적');

Sheet 관리자
B3: tblAdmin - 관리자 정보
B5: 관리자 번호 | C5: 관리자 이름 | D5: 관리자 주민번호 | E5: 관리자 아이디 | F5: 관리자 비밀번호 | G5: 관리자 월급
B6: seqAdmin.nextval | C6: 김민수 | D6: 871107-2712936 | E6: awMAX973 | F6: rVaWp352 | G6: 4500000 | I6: ="INSERT INTO tblAdmin VALUES (" & B6 & ", '" & C6 & "', '" & D6 & "', '" & E6 & "', '" & F6 & "', " & G6 & ");" -> INSERT INTO tblAdmin VALUES (seqAdmin.nextval, '김민수', '871107-2712936', 'awMAX973', 'rVaWp352', 4500000);
B7: seqAdmin.nextval | C7: 이서연 | D7: 980721-2559672 | E7: WSEpS162 | F7: SglHx256 | G7: 3500000 | I7: ="INSERT INTO tblAdmin VALUES (" & B7 & ", '" & C7 & "', '" & D7 & "', '" & E7 & "', '" & F7 & "', " & G7 & ");" -> INSERT INTO tblAdmin VALUES (seqAdmin.nextval, '이서연', '980721-2559672', 'WSEpS162', 'SglHx256', 3500000);
B8: seqAdmin.nextval | C8: 박지훈 | D8: 930408-1179368 | E8: FpDcQ504 | F8: EKVWW746! | G8: 3700000 | I8: ="INSERT INTO tblAdmin VALUES (" & B8 & ", '" & C8 & "', '" & D8 & "', '" & E8 & "', '" & F8 & "', " & G8 & ");" -> INSERT INTO tblAdmin VALUES (seqAdmin.nextval, '박지훈', '930408-1179368', 'FpDcQ504', 'EKVWW746!', 3700000);
B9: seqAdmin.nextval | C9: 최유진 | D9: 950413-2124882 | E9: YkJgk353 | F9: iciSn755 | G9: 3700000 | I9: ="INSERT INTO tblAdmin VALUES (" & B9 & ", '" & C9 & "', '" & D9 & "', '" & E9 & "', '" & F9 & "', " & G9 & ");" -> INSERT INTO tblAdmin VALUES (seqAdmin.nextval, '최유진', '950413-2124882', 'YkJgk353', 'iciSn755', 3700000);
B10: seqAdmin.nextval | C10: 정우성 | D10: 800326-1595435 | E10: rcegX435 | F10: QrhnT511! | G10: 4000000 | I10: ="INSERT INTO tblAdmin VALUES (" & B10 & ", '" & C10 & "', '" & D10 & "', '" & E10 & "', '" & F10 & "', " & G10 & ");" -> INSERT INTO tblAdmin VALUES (seqAdmin.nextval, '정우성', '800326-1595435', 'rcegX435', 'QrhnT511!', 4000000);

Sheet 취업 관리
A1: 169~382
B3: tblJobPlacement - 취업 관리 (tblStudent 참조)
B5: 취업관리번호 | C5: 수강생 번호 | D5: 취업여부 | E5: 고용보험가입날짜
B6: seqJobPlacement.nextval | C6: 169 | D6: 취업 | E6: =TEXT(RANDBETWEEN(DATE(2023,1,1),DATE(2025,8,4)),"yyyy-mm-dd") -> 2024-01-04 | G6: ="INSERT INTO tblJobPlacement VALUES (" & B6 & ", " & C6 & ", '" & D6 & "', '" & E6 & "');" -> INSERT INTO tblJobPlacement VALUES (seqJobPlacement.nextval, 169, '취업', '2024-01-04');
B7: seqJobPlacement.nextval | C7: 170 | D7: 취업 | E7: =TEXT(RANDBETWEEN(DATE(2023,1,1),DATE(2025,8,4)),"yyyy-mm-dd") -> 2024-02-21 | G7: ="INSERT INTO tblJobPlacement VALUES (" & B7 & ", " & C7 & ", '" & D7 & "', '" & E7 & "');" -> INSERT INTO tblJobPlacement VALUES (seqJobPlacement.nextval, 170, '취업', '2024-02-21');
B8: seqJobPlacement.nextval | C8: 171 | D8: 취업 | E8: =TEXT(RANDBETWEEN(DATE(2023,1,1),DATE(2025,8,4)),"yyyy-mm-dd") -> 2025-03-06 | G8: ="INSERT INTO tblJobPlacement VALUES (" & B8 & ", " & C8 & ", '" & D8 & "', '" & E8 & "');" -> INSERT INTO tblJobPlacement VALUES (seqJobPlacement.nextval, 171, '취업', '2025-03-06');
B9: seqJobPlacement.nextval | C9: 172 | D9: 취업 | E9: =TEXT(RANDBETWEEN(DATE(2023,1,1),DATE(2025,8,4)),"yyyy-mm-dd") -> 2023-09-12 | G9: ="INSERT INTO tblJobPlacement VALUES (" & B9 & ", " & C9 & ", '" & D9 & "', '" & E9 & "');" -> INSERT INTO tblJobPlacement VALUES (seqJobPlacement.nextval, 172, '취업', '2023-09-12');
B10: seqJobPlacement.nextval | C10: 173 | D10: 취업 | E10: =TEXT(RANDBETWEEN(DATE(2023,1,1),DATE(2025,8,4)),"yyyy-mm-dd") -> 2024-05-02 | G10: ="INSERT INTO tblJobPlacement VALUES (" & B10 & ", " & C10 & ", '" & D10 & "', '" & E10 & "');" -> INSERT INTO tblJobPlacement VALUES (seqJobPlacement.nextval, 173, '취업', '2024-05-02');
B11: seqJobPlacement.nextval | C11: 174 | D11: 취업 | E11: =TEXT(RANDBETWEEN(DATE(2023,1,1),DATE(2025,8,4)),"yyyy-mm-dd") -> 2025-06-07 | G11: ="INSERT INTO tblJobPlacement VALUES (" & B11 & ", " & C11 & ", '" & D11 & "', '" & E11 & "');" -> INSERT INTO tblJobPlacement VALUES (seqJobPlacement.nextval, 174, '취업', '2025-06-07');
B12: seqJobPlacement.nextval | C12: 175 | D12: 취업 | E12: =TEXT(RANDBETWEEN(DATE(2023,1,1),DATE(2025,8,4)),"yyyy-mm-dd") -> 2023-11-22 | G12: ="INSERT INTO tblJobPlacement VALUES (" & B12 & ", " & C12 & ", '" & D12 & "', '" & E12 & "');" -> INSERT INTO tblJobPlacement VALUES (seqJobPlacement.nextval, 175, '취업', '2023-11-22');
B13: seqJobPlacement.nextval | C13: 176 | D13: 취업 | E13: =TEXT(RANDBETWEEN(DATE(2023,1,1),DATE(2025,8,4)),"yyyy-mm-dd") -> 2023-05-05 | G13: ="INSERT INTO tblJobPlacement VALUES (" & B13 & ", " & C13 & ", '" & D13 & "', '" & E13 & "');" -> INSERT INTO tblJobPlacement VALUES (seqJobPlacement.nextval, 176, '취업', '2023-05-05');
B14: seqJobPlacement.nextval | C14: 177 | D14: 취업 | E14: =TEXT(RANDBETWEEN(DATE(2023,1,1),DATE(2025,8,4)),"yyyy-mm-dd") -> 2024-11-05 | G14: ="INSERT INTO tblJobPlacement VALUES (" & B14 & ", " & C14 & ", '" & D14 & "', '" & E14 & "');" -> INSERT INTO tblJobPlacement VALUES (seqJobPlacement.nextval, 177, '취업', '2024-11-05');
B15: seqJobPlacement.nextval | C15: 178 | D15: 취업 | E15: =TEXT(RANDBETWEEN(DATE(2023,1,1),DATE(2025,8,4)),"yyyy-mm-dd") -> 2024-09-11 | G15: ="INSERT INTO tblJobPlacement VALUES (" & B15 & ", " & C15 & ", '" & D15 & "', '" & E15 & "');" -> INSERT INTO tblJobPlacement VALUES (seqJobPlacement.nextval, 178, '취업', '2024-09-11');
B16: seqJobPlacement.nextval | C16: 179 | D16: 미취업 | G16: ="INSERT INTO tblJobPlacement VALUES (" & B16 & ", " & C16 & ", '" & D16 & "', '" & E16 & "');" -> INSERT INTO tblJobPlacement VALUES (seqJobPlacement.nextval, 179, '미취업', '');
B17: seqJobPlacement.nextval | C17: 180 | D17: 취업 | E17: =TEXT(RANDBETWEEN(DATE(2023,1,1),DATE(2025,8,4)),"yyyy-mm-dd") -> 2024-12-06 | G17: ="INSERT INTO tblJobPlacement VALUES (" & B17 & ", " & C17 & ", '" & D17 & "', '" & E17 & "');" -> INSERT INTO tblJobPlacement VALUES (seqJobPlacement.nextval, 180, '취업', '2024-12-06');
B18: seqJobPlacement.nextval | C18: 181 | D18: 취업 | E18: =TEXT(RANDBETWEEN(DATE(2023,1,1),DATE(2025,8,4)),"yyyy-mm-dd") -> 2024-01-15 | G18: ="INSERT INTO tblJobPlacement VALUES (" & B18 & ", " & C18 & ", '" & D18 & "', '" & E18 & "');" -> INSERT INTO tblJobPlacement VALUES (seqJobPlacement.nextval, 181, '취업', '2024-01-15');
B19: seqJobPlacement.nextval | C19: 182 | D19: 취업 | E19: =TEXT(RANDBETWEEN(DATE(2023,1,1),DATE(2025,8,4)),"yyyy-mm-dd") -> 2024-11-30 | G19: ="INSERT INTO tblJobPlacement VALUES (" & B19 & ", " & C19 & ", '" & D19 & "', '" & E19 & "');" -> INSERT INTO tblJobPlacement VALUES (seqJobPlacement.nextval, 182, '취업', '2024-11-30');
B20: seqJobPlacement.nextval | C20: 183 | D20: 취업 | E20: =TEXT(RANDBETWEEN(DATE(2023,1,1),DATE(2025,8,4)),"yyyy-mm-dd") -> 2023-08-14 | G20: ="INSERT INTO tblJobPlacement VALUES (" & B20 & ", " & C20 & ", '" & D20 & "', '" & E20 & "');" -> INSERT INTO tblJobPlacement VALUES (seqJobPlacement.nextval, 183, '취업', '2023-08-14');
B21: seqJobPlacement.nextval | C21: 184 | D21: 취업 | E21: =TEXT(RANDBETWEEN(DATE(2023,1,1),DATE(2025,8,4)),"yyyy-mm-dd") -> 2023-06-11 | G21: ="INSERT INTO tblJobPlacement VALUES (" & B21 & ", " & C21 & ", '" & D21 & "', '" & E21 & "');" -> INSERT INTO tblJobPlacement VALUES (seqJobPlacement.nextval, 184, '취업', '2023-06-11');
B22: seqJobPlacement.nextval | C22: 185 | D22: 취업 | E22: =TEXT(RANDBETWEEN(DATE(2023,1,1),DATE(2025,8,4)),"yyyy-mm-dd") -> 2023-03-05 | G22: ="INSERT INTO tblJobPlacement VALUES (" & B22 & ", " & C22 & ", '" & D22 & "', '" & E22 & "');" -> INSERT INTO tblJobPlacement VALUES (seqJobPlacement.nextval, 185, '취업', '2023-03-05');
B23: seqJobPlacement.nextval | C23: 186 | D23: 취업 | E23: =TEXT(RANDBETWEEN(DATE(2023,1,1),DATE(2025,8,4)),"yyyy-mm-dd") -> 2023-11-15 | G23: ="INSERT INTO tblJobPlacement VALUES (" & B23 & ", " & C23 & ", '" & D23 & "', '" & E23 & "');" -> INSERT INTO tblJobPlacement VALUES (seqJobPlacement.nextval, 186, '취업', '2023-11-15');
B24: seqJobPlacement.nextval | C24: 187 | D24: 취업 | E24: =TEXT(RANDBETWEEN(DATE(2023,1,1),DATE(2025,8,4)),"yyyy-mm-dd") -> 2024-04-12 | G24: ="INSERT INTO tblJobPlacement VALUES (" & B24 & ", " & C24 & ", '" & D24 & "', '" & E24 & "');" -> INSERT INTO tblJobPlacement VALUES (seqJobPlacement.nextval, 187, '취업', '2024-04-12');
B25: seqJobPlacement.nextval | C25: 188 | D25: 취업 | E25: =TEXT(RANDBETWEEN(DATE(2023,1,1),DATE(2025,8,4)),"yyyy-mm-dd") -> 2024-03-10 | G25: ="INSERT INTO tblJobPlacement VALUES (" & B25 & ", " & C25 & ", '" & D25 & "', '" & E25 & "');" -> INSERT INTO tblJobPlacement VALUES (seqJobPlacement.nextval, 188, '취업', '2024-03-10');
B26: seqJobPlacement.nextval | C26: 189 | D26: 취업 | E26: =TEXT(RANDBETWEEN(DATE(2023,1,1),DATE(2025,8,4)),"yyyy-mm-dd") -> 2024-10-12 | G26: ="INSERT INTO tblJobPlacement VALUES (" & B26 & ", " & C26 & ", '" & D26 & "', '" & E26 & "');" -> INSERT INTO tblJobPlacement VALUES (seqJobPlacement.nextval, 189, '취업', '2024-10-12');
B27: seqJobPlacement.nextval | C27: 190 | D27: 취업 | E27: =TEXT(RANDBETWEEN(DATE(2023,1,1),DATE(2025,8,4)),"yyyy-mm-dd") -> 2025-02-22 | G27: ="INSERT INTO tblJobPlacement VALUES (" & B27 & ", " & C27 & ", '" & D27 & "', '" & E27 & "');" -> INSERT INTO tblJobPlacement VALUES (seqJobPlacement.nextval, 190, '취업', '2025-02-22');
B28: seqJobPlacement.nextval | C28: 191 | D28: 취업 | E28: =TEXT(RANDBETWEEN(DATE(2023,1,1),DATE(2025,8,4)),"yyyy-mm-dd") -> 2025-06-26 | G28: ="INSERT INTO tblJobPlacement VALUES (" & B28 & ", " & C28 & ", '" & D28 & "', '" & E28 & "');" -> INSERT INTO tblJobPlacement VALUES (seqJobPlacement.nextval, 191, '취업', '2025-06-26');
B29: seqJobPlacement.nextval | C29: 192 | D29: 미취업 | G29: ="INSERT INTO tblJobPlacement VALUES (" & B29 & ", " & C29 & ", '" & D29 & "', '" & E29 & "');" -> INSERT INTO tblJobPlacement VALUES (seqJobPlacement.nextval, 192, '미취업', '');
B30: seqJobPlacement.nextval | C30: 193 | D30: 취업 | E30: =TEXT(RANDBETWEEN(DATE(2023,1,1),DATE(2025,8,4)),"yyyy-mm-dd") -> 2024-12-28 | G30: ="INSERT INTO tblJobPlacement VALUES (" & B30 & ", " & C30 & ", '" & D30 & "', '" & E30 & "');" -> INSERT INTO tblJobPlacement VALUES (seqJobPlacement.nextval, 193, '취업', '2024-12-28');
B31: seqJobPlacement.nextval | C31: 194 | D31: 취업 | E31: =TEXT(RANDBETWEEN(DATE(2023,1,1),DATE(2025,8,4)),"yyyy-mm-dd") -> 2025-06-24 | G31: ="INSERT INTO tblJobPlacement VALUES (" & B31 & ", " & C31 & ", '" & D31 & "', '" & E31 & "');" -> INSERT INTO tblJobPlacement VALUES (seqJobPlacement.nextval, 194, '취업', '2025-06-24');
B32: seqJobPlacement.nextval | C32: 195 | D32: 취업 | E32: =TEXT(RANDBETWEEN(DATE(2023,1,1),DATE(2025,8,4)),"yyyy-mm-dd") -> 2024-12-22 | G32: ="INSERT INTO tblJobPlacement VALUES (" & B32 & ", " & C32 & ", '" & D32 & "', '" & E32 & "');" -> INSERT INTO tblJobPlacement VALUES (seqJobPlacement.nextval, 195, '취업', '2024-12-22');
B33: seqJobPlacement.nextval | C33: 196 | D33: 취업 | E33: =TEXT(RANDBETWEEN(DATE(2023,1,1),DATE(2025,8,4)),"yyyy-mm-dd") -> 2023-09-27 | G33: ="INSERT INTO tblJobPlacement VALUES (" & B33 & ", " & C33 & ", '" & D33 & "', '" & E33 & "');" -> INSERT INTO tblJobPlacement VALUES (seqJobPlacement.nextval, 196, '취업', '2023-09-27');
B34: seqJobPlacement.nextval | C34: 197 | D34: 취업 | E34: =TEXT(RANDBETWEEN(DATE(2023,1,1),DATE(2025,8,4)),"yyyy-mm-dd") -> 2025-05-20 | G34: ="INSERT INTO tblJobPlacement VALUES (" & B34 & ", " & C34 & ", '" & D34 & "', '" & E34 & "');" -> INSERT INTO tblJobPlacement VALUES (seqJobPlacement.nextval, 197, '취업', '2025-05-20');
B35: seqJobPlacement.nextval | C35: 198 | D35: 취업 | E35: =TEXT(RANDBETWEEN(DATE(2023,1,1),DATE(2025,8,4)),"yyyy-mm-dd") -> 2023-03-30 | G35: ="INSERT INTO tblJobPlacement VALUES (" & B35 & ", " & C35 & ", '" & D35 & "', '" & E35 & "');" -> INSERT INTO tblJobPlacement VALUES (seqJobPlacement.nextval, 198, '취업', '2023-03-30');
B36: seqJobPlacement.nextval | C36: 199 | D36: 취업 | E36: =TEXT(RANDBETWEEN(DATE(2023,1,1),DATE(2025,8,4)),"yyyy-mm-dd") -> 2025-07-20 | G36: ="INSERT INTO tblJobPlacement VALUES (" & B36 & ", " & C36 & ", '" & D36 & "', '" & E36 & "');" -> INSERT INTO tblJobPlacement VALUES (seqJobPlacement.nextval, 199, '취업', '2025-07-20');
B37: seqJobPlacement.nextval | C37: 200 | D37: 취업 | E37: =TEXT(RANDBETWEEN(DATE(2023,1,1),DATE(2025,8,4)),"yyyy-mm-dd") -> 2023-10-26 | G37: ="INSERT INTO tblJobPlacement VALUES (" & B37 & ", " & C37 & ", '" & D37 & "', '" & E37 & "');" -> INSERT INTO tblJobPlacement VALUES (seqJobPlacement.nextval, 200, '취업', '2023-10-26');
B38: seqJobPlacement.nextval | C38: 201 | D38: 취업 | E38: =TEXT(RANDBETWEEN(DATE(2023,1,1),DATE(2025,8,4)),"yyyy-mm-dd") -> 2024-05-03 | G38: ="INSERT INTO tblJobPlacement VALUES (" & B38 & ", " & C38 & ", '" & D38 & "', '" & E38 & "');" -> INSERT INTO tblJobPlacement VALUES (seqJobPlacement.nextval, 201, '취업', '2024-05-03');
B39: seqJobPlacement.nextval | C39: 202 | D39: 취업 | E39: =TEXT(RANDBETWEEN(DATE(2023,1,1),DATE(2025,8,4)),"yyyy-mm-dd") -> 2024-04-04 | G39: ="INSERT INTO tblJobPlacement VALUES (" & B39 & ", " & C39 & ", '" & D39 & "', '" & E39 & "');" -> INSERT INTO tblJobPlacement VALUES (seqJobPlacement.nextval, 202, '취업', '2024-04-04');
B40: seqJobPlacement.nextval | C40: 203 | D40: 취업 | E40: =TEXT(RANDBETWEEN(DATE(2023,1,1),DATE(2025,8,4)),"yyyy-mm-dd") -> 2024-08-15 | G40: ="INSERT INTO tblJobPlacement VALUES (" & B40 & ", " & C40 & ", '" & D40 & "', '" & E40 & "');" -> INSERT INTO tblJobPlacement VALUES (seqJobPlacement.nextval, 203, '취업', '2024-08-15');
B41: seqJobPlacement.nextval | C41: 204 | D41: 취업 | E41: =TEXT(RANDBETWEEN(DATE(2023,1,1),DATE(2025,8,4)),"yyyy-mm-dd") -> 2023-10-02 | G41: ="INSERT INTO tblJobPlacement VALUES (" & B41 & ", " & C41 & ", '" & D41 & "', '" & E41 & "');" -> INSERT INTO tblJobPlacement VALUES (seqJobPlacement.nextval, 204, '취업', '2023-10-02');
... B66: seqJobPlacement.nextval | C66: 229 | D66: 취업 | E66: =TEXT(RANDBETWEEN(DATE(2023,1,1),DATE(2025,8,4)),"yyyy-mm-dd") -> 2024-06-06 | G66: ="INSERT INTO tblJobPlacement VALUES (" & B66 & ", " & C66 & ", '" & D66 & "', '" & E66 & "');" -> INSERT INTO tblJobPlacement VALUES (seqJobPlacement.nextval, 229, '취업', '2024-06-06');
B67: seqJobPlacement.nextval | C67: 230 | D67: 미취업 | G67: ="INSERT INTO tblJobPlacement VALUES (" & B67 & ", " & C67 & ", '" & D67 & "', '" & E67 & "');" -> INSERT INTO tblJobPlacement VALUES (seqJobPlacement.nextval, 230, '미취업', '');
B68: seqJobPlacement.nextval | C68: 231 | D68: 취업 | E68: =TEXT(RANDBETWEEN(DATE(2023,1,1),DATE(2025,8,4)),"yyyy-mm-dd") -> 2023-03-24 | G68: ="INSERT INTO tblJobPlacement VALUES (" & B68 & ", " & C68 & ", '" & D68 & "', '" & E68 & "');" -> INSERT INTO tblJobPlacement VALUES (seqJobPlacement.nextval, 231, '취업', '2023-03-24');
B69: seqJobPlacement.nextval | C69: 232 | D69: 취업 | E69: =TEXT(RANDBETWEEN(DATE(2023,1,1),DATE(2025,8,4)),"yyyy-mm-dd") -> 2024-07-07 | G69: ="INSERT INTO tblJobPlacement VALUES (" & B69 & ", " & C69 & ", '" & D69 & "', '" & E69 & "');" -> INSERT INTO tblJobPlacement VALUES (seqJobPlacement.nextval, 232, '취업', '2024-07-07');
B70: seqJobPlacement.nextval | C70: 233 | D70: 취업 | E70: =TEXT(RANDBETWEEN(DATE(2023,1,1),DATE(2025,8,4)),"yyyy-mm-dd") -> 2023-05-22 | G70: ="INSERT INTO tblJobPlacement VALUES (" & B70 & ", " & C70 & ", '" & D70 & "', '" & E70 & "');" -> INSERT INTO tblJobPlacement VALUES (seqJobPlacement.nextval, 233, '취업', '2023-05-22');
B71: seqJobPlacement.nextval | C71: 234 | D71: 취업 | E71: =TEXT(RANDBETWEEN(DATE(2023,1,1),DATE(2025,8,4)),"yyyy-mm-dd") -> 2025-01-30 | G71: ="INSERT INTO tblJobPlacement VALUES (" & B71 & ", " & C71 & ", '" & D71 & "', '" & E71 & "');" -> INSERT INTO tblJobPlacement VALUES (seqJobPlacement.nextval, 234, '취업', '2025-01-30');
B72: seqJobPlacement.nextval | C72: 235 | D72: 취업 | E72: =TEXT(RANDBETWEEN(DATE(2023,1,1),DATE(2025,8,4)),"yyyy-mm-dd") -> 2023-03-15 | G72: ="INSERT INTO tblJobPlacement VALUES (" & B72 & ", " & C72 & ", '" & D72 & "', '" & E72 & "');" -> INSERT INTO tblJobPlacement VALUES (seqJobPlacement.nextval, 235, '취업', '2023-03-15');
B73: seqJobPlacement.nextval | C73: 236 | D73: 취업 | E73: =TEXT(RANDBETWEEN(DATE(2023,1,1),DATE(2025,8,4)),"yyyy-mm-dd") -> 2023-04-16 | G73: ="INSERT INTO tblJobPlacement VALUES (" & B73 & ", " & C73 & ", '" & D73 & "', '" & E73 & "');" -> INSERT INTO tblJobPlacement VALUES (seqJobPlacement.nextval, 236, '취업', '2023-04-16');
B74: seqJobPlacement.nextval | C74: 237 | D74: 취업 | E74: =TEXT(RANDBETWEEN(DATE(2023,1,1),DATE(2025,8,4)),"yyyy-mm-dd") -> 2023-06-09 | G74: ="INSERT INTO tblJobPlacement VALUES (" & B74 & ", " & C74 & ", '" & D74 & "', '" & E74 & "');" -> INSERT INTO tblJobPlacement VALUES (seqJobPlacement.nextval, 237, '취업', '2023-06-09');
B75: seqJobPlacement.nextval | C75: 238 | D75: 취업 | E75: =TEXT(RANDBETWEEN(DATE(2023,1,1),DATE(2025,8,4)),"yyyy-mm-dd") -> 2023-06-16 | G75: ="INSERT INTO tblJobPlacement VALUES (" & B75 & ", " & C75 & ", '" & D75 & "', '" & E75 & "');" -> INSERT INTO tblJobPlacement VALUES (seqJobPlacement.nextval, 238, '취업', '2023-06-16');
B76: seqJobPlacement.nextval | C76: 239 | D76: 취업 | E76: =TEXT(RANDBETWEEN(DATE(2023,1,1),DATE(2025,8,4)),"yyyy-mm-dd") -> 2023-04-13 | G76: ="INSERT INTO tblJobPlacement VALUES (" & B76 & ", " & C76 & ", '" & D76 & "', '" & E76 & "');" -> INSERT INTO tblJobPlacement VALUES (seqJobPlacement.nextval, 239, '취업', '2023-04-13');
B77: seqJobPlacement.nextval | C77: 240 | D77: 취업 | E77: =TEXT(RANDBETWEEN(DATE(2023,1,1),DATE(2025,8,4)),"yyyy-mm-dd") -> 2023-08-14 | G77: ="INSERT INTO tblJobPlacement VALUES (" & B77 & ", " & C77 & ", '" & D77 & "', '" & E77 & "');" -> INSERT INTO tblJobPlacement VALUES (seqJobPlacement.nextval, 240, '취업', '2023-08-14');
B78: seqJobPlacement.nextval | C78: 241 | D78: 취업 | E78: =TEXT(RANDBETWEEN(DATE(2023,1,1),DATE(2025,8,4)),"yyyy-mm-dd") -> 2024-09-18 | G78: ="INSERT INTO tblJobPlacement VALUES (" & B78 & ", " & C78 & ", '" & D78 & "', '" & E78 & "');" -> INSERT INTO tblJobPlacement VALUES (seqJobPlacement.nextval, 241, '취업', '2024-09-18');
B79: seqJobPlacement.nextval | C79: 242 | D79: 취업 | E79: =TEXT(RANDBETWEEN(DATE(2023,1,1),DATE(2025,8,4)),"yyyy-mm-dd") -> 2023-11-28 | G79: ="INSERT INTO tblJobPlacement VALUES (" & B79 & ", " & C79 & ", '" & D79 & "', '" & E79 & "');" -> INSERT INTO tblJobPlacement VALUES (seqJobPlacement.nextval, 242, '취업', '2023-11-28');
... B100: seqJobPlacement.nextval | C100: 263 | D100: 취업 | E100: =TEXT(RANDBETWEEN(DATE(2023,1,1),DATE(2025,8,4)),"yyyy-mm-dd") -> 2025-07-25 | G100: ="INSERT INTO tblJobPlacement VALUES (" & B100 & ", " & C100 & ", '" & D100 & "', '" & E100 & "');" -> INSERT INTO tblJobPlacement VALUES (seqJobPlacement.nextval, 263, '취업', '2025-07-25');
B101: seqJobPlacement.nextval | C101: 264 | D101: 미취업 | G101: ="INSERT INTO tblJobPlacement VALUES (" & B101 & ", " & C101 & ", '" & D101 & "', '" & E101 & "');" -> INSERT INTO tblJobPlacement VALUES (seqJobPlacement.nextval, 264, '미취업', '');
B102: seqJobPlacement.nextval | C102: 265 | D102: 취업 | E102: =TEXT(RANDBETWEEN(DATE(2023,1,1),DATE(2025,8,4)),"yyyy-mm-dd") -> 2025-06-21 | G102: ="INSERT INTO tblJobPlacement VALUES (" & B102 & ", " & C102 & ", '" & D102 & "', '" & E102 & "');" -> INSERT INTO tblJobPlacement VALUES (seqJobPlacement.nextval, 265, '취업', '2025-06-21');
B103: seqJobPlacement.nextval | C103: 266 | D103: 취업 | E103: =TEXT(RANDBETWEEN(DATE(2023,1,1),DATE(2025,8,4)),"yyyy-mm-dd") -> 2024-10-30 | G103: ="INSERT INTO tblJobPlacement VALUES (" & B103 & ", " & C103 & ", '" & D103 & "', '" & E103 & "');" -> INSERT INTO tblJobPlacement VALUES (seqJobPlacement.nextval, 266, '취업', '2024-10-30');
B104: seqJobPlacement.nextval | C104: 267 | D104: 취업 | E104: =TEXT(RANDBETWEEN(DATE(2023,1,1),DATE(2025,8,4)),"yyyy-mm-dd") -> 2023-02-05 | G104: ="INSERT INTO tblJobPlacement VALUES (" & B104 & ", " & C104 & ", '" & D104 & "', '" & E104 & "');" -> INSERT INTO tblJobPlacement VALUES (seqJobPlacement.nextval, 267, '취업', '2023-02-05');
B105: seqJobPlacement.nextval | C105: 268 | D105: 취업 | E105: =TEXT(RANDBETWEEN(DATE(2023,1,1),DATE(2025,8,4)),"yyyy-mm-dd") -> 2023-09-07 | G105: ="INSERT INTO tblJobPlacement VALUES (" & B105 & ", " & C105 & ", '" & D105 & "', '" & E105 & "');" -> INSERT INTO tblJobPlacement VALUES (seqJobPlacement.nextval, 268, '취업', '2023-09-07');
B106: seqJobPlacement.nextval | C106: 269 | D106: 취업 | E106: =TEXT(RANDBETWEEN(DATE(2023,1,1),DATE(2025,8,4)),"yyyy-mm-dd") -> 2025-05-31 | G106: ="INSERT INTO tblJobPlacement VALUES (" & B106 & ", " & C106 & ", '" & D106 & "', '" & E106 & "');" -> INSERT INTO tblJobPlacement VALUES (seqJobPlacement.nextval, 269, '취업', '2025-05-31');
B107: seqJobPlacement.nextval | C107: 270 | D107: 취업 | E107: =TEXT(RANDBETWEEN(DATE(2023,1,1),DATE(2025,8,4)),"yyyy-mm-dd") -> 2023-12-01 | G107: ="INSERT INTO tblJobPlacement VALUES (" & B107 & ", " & C107 & ", '" & D107 & "', '" & E107 & "');" -> INSERT INTO tblJobPlacement VALUES (seqJobPlacement.nextval, 270, '취업', '2023-12-01');
B108: seqJobPlacement.nextval | C108: 271 | D108: 취업 | E108: =TEXT(RANDBETWEEN(DATE(2023,1,1),DATE(2025,8,4)),"yyyy-mm-dd") -> 2024-12-20 | G108: ="INSERT INTO tblJobPlacement VALUES (" & B108 & ", " & C108 & ", '" & D108 & "', '" & E108 & "');" -> INSERT INTO tblJobPlacement VALUES (seqJobPlacement.nextval, 271, '취업', '2024-12-20');
B109: seqJobPlacement.nextval | C109: 272 | D109: 취업 | E109: =TEXT(RANDBETWEEN(DATE(2023,1,1),DATE(2025,8,4)),"yyyy-mm-dd") -> 2023-02-13 | G109: ="INSERT INTO tblJobPlacement VALUES (" & B109 & ", " & C109 & ", '" & D109 & "', '" & E109 & "');" -> INSERT INTO tblJobPlacement VALUES (seqJobPlacement.nextval, 272, '취업', '2023-02-13');
B110: seqJobPlacement.nextval | C110: 273 | D110: 취업 | E110: =TEXT(RANDBETWEEN(DATE(2023,1,1),DATE(2025,8,4)),"yyyy-mm-dd") -> 2024-05-02 | G110: ="INSERT INTO tblJobPlacement VALUES (" & B110 & ", " & C110 & ", '" & D110 & "', '" & E110 & "');" -> INSERT INTO tblJobPlacement VALUES (seqJobPlacement.nextval, 273, '취업', '2024-05-02');
B111: seqJobPlacement.nextval | C111: 274 | D111: 취업 | E111: =TEXT(RANDBETWEEN(DATE(2023,1,1),DATE(2025,8,4)),"yyyy-mm-dd") -> 2024-03-27 | G111: ="INSERT INTO tblJobPlacement VALUES (" & B111 & ", " & C111 & ", '" & D111 & "', '" & E111 & "');" -> INSERT INTO tblJobPlacement VALUES (seqJobPlacement.nextval, 274, '취업', '2024-03-27');
B112: seqJobPlacement.nextval | C112: 275 | D112: 취업 | E112: =TEXT(RANDBETWEEN(DATE(2023,1,1),DATE(2025,8,4)),"yyyy-mm-dd") -> 2023-12-27 | G112: ="INSERT INTO tblJobPlacement VALUES (" & B112 & ", " & C112 & ", '" & D112 & "', '" & E112 & "');" -> INSERT INTO tblJobPlacement VALUES (seqJobPlacement.nextval, 275, '취업', '2023-12-27');
B113: seqJobPlacement.nextval | C113: 276 | D113: 취업 | E113: =TEXT(RANDBETWEEN(DATE(2023,1,1),DATE(2025,8,4)),"yyyy-mm-dd") -> 2023-11-22 | G113: ="INSERT INTO tblJobPlacement VALUES (" & B113 & ", " & C113 & ", '" & D113 & "', '" & E113 & "');" -> INSERT INTO tblJobPlacement VALUES (seqJobPlacement.nextval, 276, '취업', '2023-11-22');
... B125: seqJobPlacement.nextval | C125: 288 | D125: 취업 | E125: =TEXT(RANDBETWEEN(DATE(2023,1,1),DATE(2025,8,4)),"yyyy-mm-dd") -> 2023-06-19 | G125: ="INSERT INTO tblJobPlacement VALUES (" & B125 & ", " & C125 & ", '" & D125 & "', '" & E125 & "');" -> INSERT INTO tblJobPlacement VALUES (seqJobPlacement.nextval, 288, '취업', '2023-06-19');
B126: seqJobPlacement.nextval | C126: 289 | D126: 미취업 | G126: ="INSERT INTO tblJobPlacement VALUES (" & B126 & ", " & C126 & ", '" & D126 & "', '" & E126 & "');" -> INSERT INTO tblJobPlacement VALUES (seqJobPlacement.nextval, 289, '미취업', '');
B127: seqJobPlacement.nextval | C127: 290 | D127: 취업 | E127: =TEXT(RANDBETWEEN(DATE(2023,1,1),DATE(2025,8,4)),"yyyy-mm-dd") -> 2023-05-05 | G127: ="INSERT INTO tblJobPlacement VALUES (" & B127 & ", " & C127 & ", '" & D127 & "', '" & E127 & "');" -> INSERT INTO tblJobPlacement VALUES (seqJobPlacement.nextval, 290, '취업', '2023-05-05');
B128: seqJobPlacement.nextval | C128: 291 | D128: 취업 | E128: =TEXT(RANDBETWEEN(DATE(2023,1,1),DATE(2025,8,4)),"yyyy-mm-dd") -> 2024-10-03 | G128: ="INSERT INTO tblJobPlacement VALUES (" & B128 & ", " & C128 & ", '" & D128 & "', '" & E128 & "');" -> INSERT INTO tblJobPlacement VALUES (seqJobPlacement.nextval, 291, '취업', '2024-10-03');
B129: seqJobPlacement.nextval | C129: 292 | D129: 취업 | E129: =TEXT(RANDBETWEEN(DATE(2023,1,1),DATE(2025,8,4)),"yyyy-mm-dd") -> 2025-04-12 | G129: ="INSERT INTO tblJobPlacement VALUES (" & B129 & ", " & C129 & ", '" & D129 & "', '" & E129 & "');" -> INSERT INTO tblJobPlacement VALUES (seqJobPlacement.nextval, 292, '취업', '2025-04-12');
B130: seqJobPlacement.nextval | C130: 293 | D130: 취업 | E130: =TEXT(RANDBETWEEN(DATE(2023,1,1),DATE(2025,8,4)),"yyyy-mm-dd") -> 2023-10-14 | G130: ="INSERT INTO tblJobPlacement VALUES (" & B130 & ", " & C130 & ", '" & D130 & "', '" & E130 & "');" -> INSERT INTO tblJobPlacement VALUES (seqJobPlacement.nextval, 293, '취업', '2023-10-14');
B131: seqJobPlacement.nextval | C131: 294 | D131: 취업 | E131: =TEXT(RANDBETWEEN(DATE(2023,1,1),DATE(2025,8,4)),"yyyy-mm-dd") -> 2023-08-27 | G131: ="INSERT INTO tblJobPlacement VALUES (" & B131 & ", " & C131 & ", '" & D131 & "', '" & E131 & "');" -> INSERT INTO tblJobPlacement VALUES (seqJobPlacement.nextval, 294, '취업', '2023-08-27');
B132: seqJobPlacement.nextval | C132: 295 | D132: 취업 | E132: =TEXT(RANDBETWEEN(DATE(2023,1,1),DATE(2025,8,4)),"yyyy-mm-dd") -> 2025-03-16 | G132: ="INSERT INTO tblJobPlacement VALUES (" & B132 & ", " & C132 & ", '" & D132 & "', '" & E132 & "');" -> INSERT INTO tblJobPlacement VALUES (seqJobPlacement.nextval, 295, '취업', '2025-03-16');
B133: seqJobPlacement.nextval | C133: 296 | D133: 취업 | E133: =TEXT(RANDBETWEEN(DATE(2023,1,1),DATE(2025,8,4)),"yyyy-mm-dd") -> 2023-02-25 | G133: ="INSERT INTO tblJobPlacement VALUES (" & B133 & ", " & C133 & ", '" & D133 & "', '" & E133 & "');" -> INSERT INTO tblJobPlacement VALUES (seqJobPlacement.nextval, 296, '취업', '2023-02-25');
B134: seqJobPlacement.nextval | C134: 297 | D134: 취업 | E134: =TEXT(RANDBETWEEN(DATE(2023,1,1),DATE(2025,8,4)),"yyyy-mm-dd") -> 2023-09-25 | G134: ="INSERT INTO tblJobPlacement VALUES (" & B134 & ", " & C134 & ", '" & D134 & "', '" & E134 & "');" -> INSERT INTO tblJobPlacement VALUES (seqJobPlacement.nextval, 297, '취업', '2023-09-25');
B135: seqJobPlacement.nextval | C135: 298 | D135: 취업 | E135: =TEXT(RANDBETWEEN(DATE(2023,1,1),DATE(2025,8,4)),"yyyy-mm-dd") -> 2023-07-26 | G135: ="INSERT INTO tblJobPlacement VALUES (" & B135 & ", " & C135 & ", '" & D135 & "', '" & E135 & "');" -> INSERT INTO tblJobPlacement VALUES (seqJobPlacement.nextval, 298, '취업', '2023-07-26');
B136: seqJobPlacement.nextval | C136: 299 | D136: 취업 | E136: =TEXT(RANDBETWEEN(DATE(2023,1,1),DATE(2025,8,4)),"yyyy-mm-dd") -> 2023-08-18 | G136: ="INSERT INTO tblJobPlacement VALUES (" & B136 & ", " & C136 & ", '" & D136 & "', '" & E136 & "');" -> INSERT INTO tblJobPlacement VALUES (seqJobPlacement.nextval, 299, '취업', '2023-08-18');
B137: seqJobPlacement.nextval | C137: 300 | D137: 취업 | E137: =TEXT(RANDBETWEEN(DATE(2023,1,1),DATE(2025,8,4)),"yyyy-mm-dd") -> 2024-09-29 | G137: ="INSERT INTO tblJobPlacement VALUES (" & B137 & ", " & C137 & ", '" & D137 & "', '" & E137 & "');" -> INSERT INTO tblJobPlacement VALUES (seqJobPlacement.nextval, 300, '취업', '2024-09-29');
B138: seqJobPlacement.nextval | C138: 301 | D138: 미취업 | G138: ="INSERT INTO tblJobPlacement VALUES (" & B138 & ", " & C138 & ", '" & D138 & "', '" & E138 & "');" -> INSERT INTO tblJobPlacement VALUES (seqJobPlacement.nextval, 301, '미취업', '');
B139: seqJobPlacement.nextval | C139: 302 | D139: 취업 | E139: =TEXT(RANDBETWEEN(DATE(2023,1,1),DATE(2025,8,4)),"yyyy-mm-dd") -> 2024-07-28 | G139: ="INSERT INTO tblJobPlacement VALUES (" & B139 & ", " & C139 & ", '" & D139 & "', '" & E139 & "');" -> INSERT INTO tblJobPlacement VALUES (seqJobPlacement.nextval, 302, '취업', '2024-07-28');
B140: seqJobPlacement.nextval | C140: 303 | D140: 취업 | E140: =TEXT(RANDBETWEEN(DATE(2023,1,1),DATE(2025,8,4)),"yyyy-mm-dd") -> 2024-04-24 | G140: ="INSERT INTO tblJobPlacement VALUES (" & B140 & ", " & C140 & ", '" & D140 & "', '" & E140 & "');" -> INSERT INTO tblJobPlacement VALUES (seqJobPlacement.nextval, 303, '취업', '2024-04-24');
B141: seqJobPlacement.nextval | C141: 304 | D141: 취업 | E141: =TEXT(RANDBETWEEN(DATE(2023,1,1),DATE(2025,8,4)),"yyyy-mm-dd") -> 2025-02-21 | G141: ="INSERT INTO tblJobPlacement VALUES (" & B141 & ", " & C141 & ", '" & D141 & "', '" & E141 & "');" -> INSERT INTO tblJobPlacement VALUES (seqJobPlacement.nextval, 304, '취업', '2025-02-21');
B142: seqJobPlacement.nextval | C142: 305 | D142: 취업 | E142: =TEXT(RANDBETWEEN(DATE(2023,1,1),DATE(2025,8,4)),"yyyy-mm-dd") -> 2024-10-24 | G142: ="INSERT INTO tblJobPlacement VALUES (" & B142 & ", " & C142 & ", '" & D142 & "', '" & E142 & "');" -> INSERT INTO tblJobPlacement VALUES (seqJobPlacement.nextval, 305, '취업', '2024-10-24');
B143: seqJobPlacement.nextval | C143: 306 | D143: 취업 | E143: =TEXT(RANDBETWEEN(DATE(2023,1,1),DATE(2025,8,4)),"yyyy-mm-dd") -> 2024-08-21 | G143: ="INSERT INTO tblJobPlacement VALUES (" & B143 & ", " & C143 & ", '" & D143 & "', '" & E143 & "');" -> INSERT INTO tblJobPlacement VALUES (seqJobPlacement.nextval, 306, '취업', '2024-08-21');
B144: seqJobPlacement.nextval | C144: 307 | D144: 취업 | E144: =TEXT(RANDBETWEEN(DATE(2023,1,1),DATE(2025,8,4)),"yyyy-mm-dd") -> 2023-02-17 | G144: ="INSERT INTO tblJobPlacement VALUES (" & B144 & ", " & C144 & ", '" & D144 & "', '" & E144 & "');" -> INSERT INTO tblJobPlacement VALUES (seqJobPlacement.nextval, 307, '취업', '2023-02-17');
B145: seqJobPlacement.nextval | C145: 308 | D145: 취업 | E145: =TEXT(RANDBETWEEN(DATE(2023,1,1),DATE(2025,8,4)),"yyyy-mm-dd") -> 2024-09-06 | G145: ="INSERT INTO tblJobPlacement VALUES (" & B145 & ", " & C145 & ", '" & D145 & "', '" & E145 & "');" -> INSERT INTO tblJobPlacement VALUES (seqJobPlacement.nextval, 308, '취업', '2024-09-06');
B146: seqJobPlacement.nextval | C146: 309 | D146: 취업 | E146: =TEXT(RANDBETWEEN(DATE(2023,1,1),DATE(2025,8,4)),"yyyy-mm-dd") -> 2025-04-13 | G146: ="INSERT INTO tblJobPlacement VALUES (" & B146 & ", " & C146 & ", '" & D146 & "', '" & E146 & "');" -> INSERT INTO tblJobPlacement VALUES (seqJobPlacement.nextval, 309, '취업', '2025-04-13');
B147: seqJobPlacement.nextval | C147: 310 | D147: 취업 | E147: =TEXT(RANDBETWEEN(DATE(2023,1,1),DATE(2025,8,4)),"yyyy-mm-dd") -> 2023-04-05 | G147: ="INSERT INTO tblJobPlacement VALUES (" & B147 & ", " & C147 & ", '" & D147 & "', '" & E147 & "');" -> INSERT INTO tblJobPlacement VALUES (seqJobPlacement.nextval, 310, '취업', '2023-04-05');
B148: seqJobPlacement.nextval | C148: 311 | D148: 취업 | E148: =TEXT(RANDBETWEEN(DATE(2023,1,1),DATE(2025,8,4)),"yyyy-mm-dd") -> 2024-08-29 | G148: ="INSERT INTO tblJobPlacement VALUES (" & B148 & ", " & C148 & ", '" & D148 & "', '" & E148 & "');" -> INSERT INTO tblJobPlacement VALUES (seqJobPlacement.nextval, 311, '취업', '2024-08-29');
B149: seqJobPlacement.nextval | C149: 312 | D149: 취업 | E149: =TEXT(RANDBETWEEN(DATE(2023,1,1),DATE(2025,8,4)),"yyyy-mm-dd") -> 2023-02-08 | G149: ="INSERT INTO tblJobPlacement VALUES (" & B149 & ", " & C149 & ", '" & D149 & "', '" & E149 & "');" -> INSERT INTO tblJobPlacement VALUES (seqJobPlacement.nextval, 312, '취업', '2023-02-08');
B150: seqJobPlacement.nextval | C150: 313 | D150: 취업 | E150: =TEXT(RANDBETWEEN(DATE(2023,1,1),DATE(2025,8,4)),"yyyy-mm-dd") -> 2023-07-05 | G150: ="INSERT INTO tblJobPlacement VALUES (" & B150 & ", " & C150 & ", '" & D150 & "', '" & E150 & "');" -> INSERT INTO tblJobPlacement VALUES (seqJobPlacement.nextval, 313, '취업', '2023-07-05');
... B179: seqJobPlacement.nextval | C179: 342 | D179: 취업 | E179: =TEXT(RANDBETWEEN(DATE(2023,1,1),DATE(2025,8,4)),"yyyy-mm-dd") -> 2024-12-30 | G179: ="INSERT INTO tblJobPlacement VALUES (" & B179 & ", " & C179 & ", '" & D179 & "', '" & E179 & "');" -> INSERT INTO tblJobPlacement VALUES (seqJobPlacement.nextval, 342, '취업', '2024-12-30');
B180: seqJobPlacement.nextval | C180: 343 | D180: 미취업 | G180: ="INSERT INTO tblJobPlacement VALUES (" & B180 & ", " & C180 & ", '" & D180 & "', '" & E180 & "');" -> INSERT INTO tblJobPlacement VALUES (seqJobPlacement.nextval, 343, '미취업', '');
B181: seqJobPlacement.nextval | C181: 344 | D181: 취업 | E181: =TEXT(RANDBETWEEN(DATE(2023,1,1),DATE(2025,8,4)),"yyyy-mm-dd") -> 2025-03-01 | G181: ="INSERT INTO tblJobPlacement VALUES (" & B181 & ", " & C181 & ", '" & D181 & "', '" & E181 & "');" -> INSERT INTO tblJobPlacement VALUES (seqJobPlacement.nextval, 344, '취업', '2025-03-01');
B182: seqJobPlacement.nextval | C182: 345 | D182: 취업 | E182: =TEXT(RANDBETWEEN(DATE(2023,1,1),DATE(2025,8,4)),"yyyy-mm-dd") -> 2023-09-18 | G182: ="INSERT INTO tblJobPlacement VALUES (" & B182 & ", " & C182 & ", '" & D182 & "', '" & E182 & "');" -> INSERT INTO tblJobPlacement VALUES (seqJobPlacement.nextval, 345, '취업', '2023-09-18');
B183: seqJobPlacement.nextval | C183: 346 | D183: 취업 | E183: =TEXT(RANDBETWEEN(DATE(2023,1,1),DATE(2025,8,4)),"yyyy-mm-dd") -> 2023-10-28 | G183: ="INSERT INTO tblJobPlacement VALUES (" & B183 & ", " & C183 & ", '" & D183 & "', '" & E183 & "');" -> INSERT INTO tblJobPlacement VALUES (seqJobPlacement.nextval, 346, '취업', '2023-10-28');
B184: seqJobPlacement.nextval | C184: 347 | D184: 취업 | E184: =TEXT(RANDBETWEEN(DATE(2023,1,1),DATE(2025,8,4)),"yyyy-mm-dd") -> 2023-03-19 | G184: ="INSERT INTO tblJobPlacement VALUES (" & B184 & ", " & C184 & ", '" & D184 & "', '" & E184 & "');" -> INSERT INTO tblJobPlacement VALUES (seqJobPlacement.nextval, 347, '취업', '2023-03-19');
B185: seqJobPlacement.nextval | C185: 348 | D185: 취업 | E185: =TEXT(RANDBETWEEN(DATE(2023,1,1),DATE(2025,8,4)),"yyyy-mm-dd") -> 2023-04-28 | G185: ="INSERT INTO tblJobPlacement VALUES (" & B185 & ", " & C185 & ", '" & D185 & "', '" & E185 & "');" -> INSERT INTO tblJobPlacement VALUES (seqJobPlacement.nextval, 348, '취업', '2023-04-28');
...

Sheet 시험 배점
B3: tblExamConversionRatio - 시험 배점 (의존 없음)
B5: 출결비율 | C5: 실기비율 | D5: 필기비율
B6: 0.2 | C6: 0.4 | D6: 0.4

Sheet 문제 은행
B3: tblQuestionBank - 문제 은행
B5: 시험문제은행번호 | C5: 시험문제내용 | D5: 시험문제정답
A6: 1 | B6: seqQuestionBank.nextval | C6: 변수의 스코프(scope)란 무엇인가에 대한 설명으로 올바른 것을 고르시오. | D6: =RANDBETWEEN(1,5) -> 2 | F6: ="INSERT INTO tblQuestionBank VALUES (" & B6 & ", q'[" & C6 & "]', " & D6 & ");" -> INSERT INTO tblQuestionBank VALUES (seqQuestionBank.nextval, q'[변수의 스코프(scope)란 무엇인가에 대한 설명으로 올바른 것을 고르시오.]', 2);
A7: 2 | B7: seqQuestionBank.nextval | C7: 재귀 함수와 반복문 중 메모리 사용량이 더 많은 것은 무엇인가? | D7: =RANDBETWEEN(1,5) -> 3 | F7: ="INSERT INTO tblQuestionBank VALUES (" & B7 & ", q'[" & C7 & "]', " & D7 & ");" -> INSERT INTO tblQuestionBank VALUES (seqQuestionBank.nextval, q'[재귀 함수와 반복문 중 메모리 사용량이 더 많은 것은 무엇인가?]', 3);
A8: 3 | B8: seqQuestionBank.nextval | C8: HTML에서 'a' 태그의 주요 기능은 무엇인가? | D8: =RANDBETWEEN(1,5) -> 3 | F8: ="INSERT INTO tblQuestionBank VALUES (" & B8 & ", q'[" & C8 & "]', " & D8 & ");" -> INSERT INTO tblQuestionBank VALUES (seqQuestionBank.nextval, q'[HTML에서 'a' 태그의 주요 기능은 무엇인가?]', 3);
A9: 4 | B9: seqQuestionBank.nextval | C9: Java에서 클래스와 객체의 차이점은 무엇인가? | D9: =RANDBETWEEN(1,5) -> 1 | F9: ="INSERT INTO tblQuestionBank VALUES (" & B9 & ", q'[" & C9 & "]', " & D9 & ");" -> INSERT INTO tblQuestionBank VALUES (seqQuestionBank.nextval, q'[Java에서 클래스와 객체의 차이점은 무엇인가?]', 1);
A10: 5 | B10: seqQuestionBank.nextval | C10: Python의 리스트와 튜플의 차이점은 무엇인가? | D10: =RANDBETWEEN(1,5) -> 4 | F10: ="INSERT INTO tblQuestionBank VALUES (" & B10 & ", q'[" & C10 & "]', " & D10 & ");" -> INSERT INTO tblQuestionBank VALUES (seqQuestionBank.nextval, q'[Python의 리스트와 튜플의 차이점은 무엇인가?]', 4);
A11: 6 | B11: seqQuestionBank.nextval | C11: C언어에서 포인터를 사용하는 주된 이유는 무엇인가? | D11: =RANDBETWEEN(1,5) -> 5 | F11: ="INSERT INTO tblQuestionBank VALUES (" & B11 & ", q'[" & C11 & "]', " & D11 & ");" -> INSERT INTO tblQuestionBank VALUES (seqQuestionBank.nextval, q'[C언어에서 포인터를 사용하는 주된 이유는 무엇인가?]', 5);
A12: 7 | B12: seqQuestionBank.nextval | C12: 컴파일러와 인터프리터의 차이점은 무엇인가? | D12: =RANDBETWEEN(1,5) -> 4 | F12: ="INSERT INTO tblQuestionBank VALUES (" & B12 & ", q'[" & C12 & "]', " & D12 & ");" -> INSERT INTO tblQuestionBank VALUES (seqQuestionBank.nextval, q'[컴파일러와 인터프리터의 차이점은 무엇인가?]', 4);
A13: 8 | B13: seqQuestionBank.nextval | C13: JavaScript에서 클로저(closure)의 정의는 무엇인가? | D13: =RANDBETWEEN(1,5) -> 5 | F13: ="INSERT INTO tblQuestionBank VALUES (" & B13 & ", q'[" & C13 & "]', " & D13 & ");" -> INSERT INTO tblQuestionBank VALUES (seqQuestionBank.nextval, q'[JavaScript에서 클로저(closure)의 정의는 무엇인가?]', 5);
A14: 9 | B14: seqQuestionBank.nextval | C14: 객체 지향 프로그래밍의 4대 특징 중 하나가 아닌 것은 무엇인가? | D14: =RANDBETWEEN(1,5) -> 5 | F14: ="INSERT INTO tblQuestionBank VALUES (" & B14 & ", q'[" & C14 & "]', " & D14 & ");" -> INSERT INTO tblQuestionBank VALUES (seqQuestionBank.nextval, q'[객체 지향 프로그래밍의 4대 특징 중 하나가 아닌 것은 무엇인가?]', 5);
A15: 10 | B15: seqQuestionBank.nextval | C15: SQL에서 'JOIN'의 기능은 무엇인가? | D15: =RANDBETWEEN(1,5) -> 2 | F15: ="INSERT INTO tblQuestionBank VALUES (" & B15 & ", q'[" & C15 & "]', " & D15 & ");" -> INSERT INTO tblQuestionBank VALUES (seqQuestionBank.nextval, q'[SQL에서 'JOIN'의 기능은 무엇인가?]', 2);
A16: 11 | B16: seqQuestionBank.nextval | C16: Python에서 'with open()' 구문의 주요 목적은 무엇인가? | D16: =RANDBETWEEN(1,5) -> 1 | F16: ="INSERT INTO tblQuestionBank VALUES (" & B16 & ", q'[" & C16 & "]', " & D16 & ");" -> INSERT INTO tblQuestionBank VALUES (seqQuestionBank.nextval, q'[Python에서 'with open()' 구문의 주요 목적은 무엇인가?]', 1);
A17: 12 | B17: seqQuestionBank.nextval | C17: 데이터베이스에서 정규화의 목적은 무엇인가? | D17: =RANDBETWEEN(1,5) -> 4 | F17: ="INSERT INTO tblQuestionBank VALUES (" & B17 & ", q'[" & C17 & "]', " & D17 & ");" -> INSERT INTO tblQuestionBank VALUES (seqQuestionBank.nextval, q'[데이터베이스에서 정규화의 목적은 무엇인가?]', 4);
... A1005: 1000 | B1005: seqQuestionBank.nextval | C1005: 프로그래밍 언어에서 타입 캐스팅(type casting)이란 무엇인가? | D1005: =RANDBETWEEN(1,5) -> 3 | F1005: ="INSERT INTO tblQuestionBank VALUES (" & B1005 & ", q'[" & C1005 & "]', " & D1005 & ");" -> INSERT INTO tblQuestionBank VALUES (seqQuestionBank.nextval, q'[프로그래밍 언어에서 타입 캐스팅(type casting)이란 무엇인가?]', 3);

Sheet 시험지별 문제
B3: tblExamQuestionLink - 시험지별문제 (tblExamSheet, tblQuestionBank 참조)
B5: 시험지별문제번호 | C5: 시험지번호 | D5: 시험문제은행번호
A6: 1 | B6: seqExamQuestionLink.nextval | C6: 1 | D6: 1 | F6: ="INSERT INTO tblExamQuestionLink VALUES (" & B6 & ", " & C6 & ", " & D6 & ");" -> INSERT INTO tblExamQuestionLink VALUES (seqExamQuestionLink.nextval, 1, 1);
A7: 2 | B7: seqExamQuestionLink.nextval | C7: 1 | D7: 2 | F7: ="INSERT INTO tblExamQuestionLink VALUES (" & B7 & ", " & C7 & ", " & D7 & ");" -> INSERT INTO tblExamQuestionLink VALUES (seqExamQuestionLink.nextval, 1, 2);
A8: 3 | B8: seqExamQuestionLink.nextval | C8: 1 | D8: 3 | F8: ="INSERT INTO tblExamQuestionLink VALUES (" & B8 & ", " & C8 & ", " & D8 & ");" -> INSERT INTO tblExamQuestionLink VALUES (seqExamQuestionLink.nextval, 1, 3);
A9: 4 | B9: seqExamQuestionLink.nextval | C9: 1 | D9: 4 | F9: ="INSERT INTO tblExamQuestionLink VALUES (" & B9 & ", " & C9 & ", " & D9 & ");" -> INSERT INTO tblExamQuestionLink VALUES (seqExamQuestionLink.nextval, 1, 4);
A10: 5 | B10: seqExamQuestionLink.nextval | C10: 1 | D10: 5 | F10: ="INSERT INTO tblExamQuestionLink VALUES (" & B10 & ", " & C10 & ", " & D10 & ");" -> INSERT INTO tblExamQuestionLink VALUES (seqExamQuestionLink.nextval, 1, 5);
A11: 6 | B11: seqExamQuestionLink.nextval | C11: 1 | D11: 6 | F11: ="INSERT INTO tblExamQuestionLink VALUES (" & B11 & ", " & C11 & ", " & D11 & ");" -> INSERT INTO tblExamQuestionLink VALUES (seqExamQuestionLink.nextval, 1, 6);
A12: 7 | B12: seqExamQuestionLink.nextval | C12: 1 | D12: 7 | F12: ="INSERT INTO tblExamQuestionLink VALUES (" & B12 & ", " & C12 & ", " & D12 & ");" -> INSERT INTO tblExamQuestionLink VALUES (seqExamQuestionLink.nextval, 1, 7);
A13: 8 | B13: seqExamQuestionLink.nextval | C13: 1 | D13: 8 | F13: ="INSERT INTO tblExamQuestionLink VALUES (" & B13 & ", " & C13 & ", " & D13 & ");" -> INSERT INTO tblExamQuestionLink VALUES (seqExamQuestionLink.nextval, 1, 8);
A14: 9 | B14: seqExamQuestionLink.nextval | C14: 1 | D14: 9 | F14: ="INSERT INTO tblExamQuestionLink VALUES (" & B14 & ", " & C14 & ", " & D14 & ");" -> INSERT INTO tblExamQuestionLink VALUES (seqExamQuestionLink.nextval, 1, 9);
A15: 10 | B15: seqExamQuestionLink.nextval | C15: 1 | D15: 10 | F15: ="INSERT INTO tblExamQuestionLink VALUES (" & B15 & ", " & C15 & ", " & D15 & ");" -> INSERT INTO tblExamQuestionLink VALUES (seqExamQuestionLink.nextval, 1, 10);
A16: 11 | B16: seqExamQuestionLink.nextval | C16: 1 | D16: 11 | F16: ="INSERT INTO tblExamQuestionLink VALUES (" & B16 & ", " & C16 & ", " & D16 & ");" -> INSERT INTO tblExamQuestionLink VALUES (seqExamQuestionLink.nextval, 1, 11);
A17: 12 | B17: seqExamQuestionLink.nextval | C17: 1 | D17: 12 | F17: ="INSERT INTO tblExamQuestionLink VALUES (" & B17 & ", " & C17 & ", " & D17 & ");" -> INSERT INTO tblExamQuestionLink VALUES (seqExamQuestionLink.nextval, 1, 12);
... A2005: 2000 | B2005: seqExamQuestionLink.nextval | C2005: 40 | D2005: 1000 | F2005: ="INSERT INTO tblExamQuestionLink VALUES (" & B2005 & ", " & C2005 & ", " & D2005 & ");" -> INSERT INTO tblExamQuestionLink VALUES (seqExamQuestionLink.nextval, 40, 1000);

Sheet 시험지
B3: tblExamSheet - 시험지 (tblSubject 참조)
B5: 시험지번호 | C5: 과목번호
A6: 1 | B6: seqExamSheet.nextval | C6: 1 | F6: ="INSERT INTO tblExamSheet VALUES (" & B6 & ", " & C6 & ");" -> INSERT INTO tblExamSheet VALUES (seqExamSheet.nextval, 1);
A7: 2 | B7: seqExamSheet.nextval | C7: 2 | F7: ="INSERT INTO tblExamSheet VALUES (" & B7 & ", " & C7 & ");" -> INSERT INTO tblExamSheet VALUES (seqExamSheet.nextval, 2);
A8: 3 | B8: seqExamSheet.nextval | C8: 3 | F8: ="INSERT INTO tblExamSheet VALUES (" & B8 & ", " & C8 & ");" -> INSERT INTO tblExamSheet VALUES (seqExamSheet.nextval, 3);
A9: 4 | B9: seqExamSheet.nextval | C9: 4 | F9: ="INSERT INTO tblExamSheet VALUES (" & B9 & ", " & C9 & ");" -> INSERT INTO tblExamSheet VALUES (seqExamSheet.nextval, 4);
A10: 5 | B10: seqExamSheet.nextval | C10: 5 | F10: ="INSERT INTO tblExamSheet VALUES (" & B10 & ", " & C10 & ");" -> INSERT INTO tblExamSheet VALUES (seqExamSheet.nextval, 5);
A11: 6 | B11: seqExamSheet.nextval | C11: 6 | F11: ="INSERT INTO tblExamSheet VALUES (" & B11 & ", " & C11 & ");" -> INSERT INTO tblExamSheet VALUES (seqExamSheet.nextval, 6);
A12: 7 | B12: seqExamSheet.nextval | C12: 7 | F12: ="INSERT INTO tblExamSheet VALUES (" & B12 & ", " & C12 & ");" -> INSERT INTO tblExamSheet VALUES (seqExamSheet.nextval, 7);
A13: 8 | B13: seqExamSheet.nextval | C13: 8 | F13: ="INSERT INTO tblExamSheet VALUES (" & B13 & ", " & C13 & ");" -> INSERT INTO tblExamSheet VALUES (seqExamSheet.nextval, 8);
A14: 9 | B14: seqExamSheet.nextval | C14: 9 | F14: ="INSERT INTO tblExamSheet VALUES (" & B14 & ", " & C14 & ");" -> INSERT INTO tblExamSheet VALUES (seqExamSheet.nextval, 9);
A15: 10 | B15: seqExamSheet.nextval | C15: 10 | F15: ="INSERT INTO tblExamSheet VALUES (" & B15 & ", " & C15 & ");" -> INSERT INTO tblExamSheet VALUES (seqExamSheet.nextval, 10);
A16: 11 | B16: seqExamSheet.nextval | C16: 11 | F16: ="INSERT INTO tblExamSheet VALUES (" & B16 & ", " & C16 & ");" -> INSERT INTO tblExamSheet VALUES (seqExamSheet.nextval, 11);
A17: 12 | B17: seqExamSheet.nextval | C17: 12 | F17: ="INSERT INTO tblExamSheet VALUES (" & B17 & ", " & C17 & ");" -> INSERT INTO tblExamSheet VALUES (seqExamSheet.nextval, 12);
... A45: 40 | B45: seqExamSheet.nextval | C45: 40 | F45: ="INSERT INTO tblExamSheet VALUES (" & B45 & ", " & C45 & ");" -> INSERT INTO tblExamSheet VALUES (seqExamSheet.nextval, 40);

Sheet 시험정보
B3: tblExamInfo - 시험 정보 (tblExamSheet 참조)
B5: 시험정보번호 | C5: 시험날짜 | D5: 시험종류 | E5: 시험지번호
A6: 1 | B6: seqExamInfo.nextval | C6: =TEXT(RANDBETWEEN(DATE(2023,1,1),DATE(2025,12,31)),"yyyy-mm-dd") -> 2023-09-20 | D6: 필기 | E6: 1 | G6: ="INSERT INTO tblExamInfo VALUES (" & B6 & ", '" & C6 & "', '" & D6 & "', " & E6 & ");" -> INSERT INTO tblExamInfo VALUES (seqExamInfo.nextval, '2023-09-20', '필기', 1);
A7: 2 | B7: seqExamInfo.nextval | C7: =TEXT(RANDBETWEEN(DATE(2023,1,1),DATE(2025,12,31)),"yyyy-mm-dd") -> 2024-03-07 | D7: 필기 | E7: 2 | G7: ="INSERT INTO tblExamInfo VALUES (" & B7 & ", '" & C7 & "', '" & D7 & "', " & E7 & ");" -> INSERT INTO tblExamInfo VALUES (seqExamInfo.nextval, '2024-03-07', '필기', 2);
A8: 3 | B8: seqExamInfo.nextval | C8: =TEXT(RANDBETWEEN(DATE(2023,1,1),DATE(2025,12,31)),"yyyy-mm-dd") -> 2023-03-19 | D8: 필기 | E8: 3 | G8: ="INSERT INTO tblExamInfo VALUES (" & B8 & ", '" & C8 & "', '" & D8 & "', " & E8 & ");" -> INSERT INTO tblExamInfo VALUES (seqExamInfo.nextval, '2023-03-19', '필기', 3);
A9: 4 | B9: seqExamInfo.nextval | C9: =TEXT(RANDBETWEEN(DATE(2023,1,1),DATE(2025,12,31)),"yyyy-mm-dd") -> 2023-03-25 | D9: 필기 | E9: 4 | G9: ="INSERT INTO tblExamInfo VALUES (" & B9 & ", '" & C9 & "', '" & D9 & "', " & E9 & ");" -> INSERT INTO tblExamInfo VALUES (seqExamInfo.nextval, '2023-03-25', '필기', 4);
A10: 5 | B10: seqExamInfo.nextval | C10: =TEXT(RANDBETWEEN(DATE(2023,1,1),DATE(2025,12,31)),"yyyy-mm-dd") -> 2023-06-15 | D10: 필기 | E10: 5 | G10: ="INSERT INTO tblExamInfo VALUES (" & B10 & ", '" & C10 & "', '" & D10 & "', " & E10 & ");" -> INSERT INTO tblExamInfo VALUES (seqExamInfo.nextval, '2023-06-15', '필기', 5);
A11: 6 | B11: seqExamInfo.nextval | C11: =TEXT(RANDBETWEEN(DATE(2023,1,1),DATE(2025,12,31)),"yyyy-mm-dd") -> 2024-02-23 | D11: 필기 | E11: 6 | G11: ="INSERT INTO tblExamInfo VALUES (" & B11 & ", '" & C11 & "', '" & D11 & "', " & E11 & ");" -> INSERT INTO tblExamInfo VALUES (seqExamInfo.nextval, '2024-02-23', '필기', 6);
A12: 7 | B12: seqExamInfo.nextval | C12: =TEXT(RANDBETWEEN(DATE(2023,1,1),DATE(2025,12,31)),"yyyy-mm-dd") -> 2023-12-15 | D12: 필기 | E12: 7 | G12: ="INSERT INTO tblExamInfo VALUES (" & B12 & ", '" & C12 & "', '" & D12 & "', " & E12 & ");" -> INSERT INTO tblExamInfo VALUES (seqExamInfo.nextval, '2023-12-15', '필기', 7);
A13: 8 | B13: seqExamInfo.nextval | C13: =TEXT(RANDBETWEEN(DATE(2023,1,1),DATE(2025,12,31)),"yyyy-mm-dd") -> 2024-01-11 | D13: 필기 | E13: 8 | G13: ="INSERT INTO tblExamInfo VALUES (" & B13 & ", '" & C13 & "', '" & D13 & "', " & E13 & ");" -> INSERT INTO tblExamInfo VALUES (seqExamInfo.nextval, '2024-01-11', '필기', 8);
A14: 9 | B14: seqExamInfo.nextval | C14: =TEXT(RANDBETWEEN(DATE(2023,1,1),DATE(2025,12,31)),"yyyy-mm-dd") -> 2024-08-27 | D14: 필기 | E14: 9 | G14: ="INSERT INTO tblExamInfo VALUES (" & B14 & ", '" & C14 & "', '" & D14 & "', " & E14 & ");" -> INSERT INTO tblExamInfo VALUES (seqExamInfo.nextval, '2024-08-27', '필기', 9);
A15: 10 | B15: seqExamInfo.nextval | C15: =TEXT(RANDBETWEEN(DATE(2023,1,1),DATE(2025,12,31)),"yyyy-mm-dd") -> 2023-02-26 | D15: 필기 | E15: 10 | G15: ="INSERT INTO tblExamInfo VALUES (" & B15 & ", '" & C15 & "', '" & D15 & "', " & E15 & ");" -> INSERT INTO tblExamInfo VALUES (seqExamInfo.nextval, '2023-02-26', '필기', 10);
A16: 11 | B16: seqExamInfo.nextval | C16: =TEXT(RANDBETWEEN(DATE(2023,1,1),DATE(2025,12,31)),"yyyy-mm-dd") -> 2025-07-11 | D16: 필기 | E16: 11 | G16: ="INSERT INTO tblExamInfo VALUES (" & B16 & ", '" & C16 & "', '" & D16 & "', " & E16 & ");" -> INSERT INTO tblExamInfo VALUES (seqExamInfo.nextval, '2025-07-11', '필기', 11);
A17: 12 | B17: seqExamInfo.nextval | C17: =TEXT(RANDBETWEEN(DATE(2023,1,1),DATE(2025,12,31)),"yyyy-mm-dd") -> 2024-10-23 | D17: 필기 | E17: 12 | G17: ="INSERT INTO tblExamInfo VALUES (" & B17 & ", '" & C17 & "', '" & D17 & "', " & E17 & ");" -> INSERT INTO tblExamInfo VALUES (seqExamInfo.nextval, '2024-10-23', '필기', 12);
... A31: 26 | B31: seqExamInfo.nextval | C31: =TEXT(RANDBETWEEN(DATE(2023,1,1),DATE(2025,12,31)),"yyyy-mm-dd") -> 2024-05-26 | D31: 필기 | E31: 26 | G31: ="INSERT INTO tblExamInfo VALUES (" & B31 & ", '" & C31 & "', '" & D31 & "', " & E31 & ");" -> INSERT INTO tblExamInfo VALUES (seqExamInfo.nextval, '2024-05-26', '필기', 26);
A32: 27 | B32: seqExamInfo.nextval | C32: =TEXT(RANDBETWEEN(DATE(2023,1,1),DATE(2025,12,31)),"yyyy-mm-dd") -> 2023-10-17 | D32: 필기 | E32: =RANDBETWEEN(27,40) -> 32 | G32: ="INSERT INTO tblExamInfo VALUES (" & B32 & ", '" & C32 & "', '" & D32 & "', " & E32 & ");" -> INSERT INTO tblExamInfo VALUES (seqExamInfo.nextval, '2023-10-17', '필기', 32);
A33: 28 | B33: seqExamInfo.nextval | C33: =TEXT(RANDBETWEEN(DATE(2023,1,1),DATE(2025,12,31)),"yyyy-mm-dd") -> 2024-04-07 | D33: 필기 | E33: =RANDBETWEEN(27,40) -> 40 | G33: ="INSERT INTO tblExamInfo VALUES (" & B33 & ", '" & C33 & "', '" & D33 & "', " & E33 & ");" -> INSERT INTO tblExamInfo VALUES (seqExamInfo.nextval, '2024-04-07', '필기', 40);
A34: 29 | B34: seqExamInfo.nextval | C34: =TEXT(RANDBETWEEN(DATE(2023,1,1),DATE(2025,12,31)),"yyyy-mm-dd") -> 2024-11-25 | D34: 필기 | E34: =RANDBETWEEN(27,40) -> 30 | G34: ="INSERT INTO tblExamInfo VALUES (" & B34 & ", '" & C34 & "', '" & D34 & "', " & E34 & ");" -> INSERT INTO tblExamInfo VALUES (seqExamInfo.nextval, '2024-11-25', '필기', 30);
A35: 30 | B35: seqExamInfo.nextval | C35: =TEXT(RANDBETWEEN(DATE(2023,1,1),DATE(2025,12,31)),"yyyy-mm-dd") -> 2023-03-29 | D35: 필기 | E35: =RANDBETWEEN(27,40) -> 30 | G35: ="INSERT INTO tblExamInfo VALUES (" & B35 & ", '" & C35 & "', '" & D35 & "', " & E35 & ");" -> INSERT INTO tblExamInfo VALUES (seqExamInfo.nextval, '2023-03-29', '필기', 30);
A36: 31 | B36: seqExamInfo.nextval | C36: =TEXT(RANDBETWEEN(DATE(2023,1,1),DATE(2025,12,31)),"yyyy-mm-dd") -> 2025-03-13 | D36: 필기 | E36: =RANDBETWEEN(27,40) -> 38 | G36: ="INSERT INTO tblExamInfo VALUES (" & B36 & ", '" & C36 & "', '" & D36 & "', " & E36 & ");" -> INSERT INTO tblExamInfo VALUES (seqExamInfo.nextval, '2025-03-13', '필기', 38);
A37: 32 | B37: seqExamInfo.nextval | C37: =TEXT(RANDBETWEEN(DATE(2023,1,1),DATE(2025,12,31)),"yyyy-mm-dd") -> 2024-03-21 | D37: 필기 | E37: =RANDBETWEEN(27,40) -> 35 | G37: ="INSERT INTO tblExamInfo VALUES (" & B37 & ", '" & C37 & "', '" & D37 & "', " & E37 & ");" -> INSERT INTO tblExamInfo VALUES (seqExamInfo.nextval, '2024-03-21', '필기', 35);
A38: 33 | B38: seqExamInfo.nextval | C38: =TEXT(RANDBETWEEN(DATE(2023,1,1),DATE(2025,12,31)),"yyyy-mm-dd") -> 2024-09-07 | D38: 필기 | E38: =RANDBETWEEN(27,40) -> 31 | G38: ="INSERT INTO tblExamInfo VALUES (" & B38 & ", '" & C38 & "', '" & D38 & "', " & E38 & ");" -> INSERT INTO tblExamInfo VALUES (seqExamInfo.nextval, '2024-09-07', '필기', 31);
A39: 34 | B39: seqExamInfo.nextval | C39: =TEXT(RANDBETWEEN(DATE(2023,1,1),DATE(2025,12,31)),"yyyy-mm-dd") -> 2025-10-26 | D39: 실기 | E39: =RANDBETWEEN(27,40) -> 34 | G39: ="INSERT INTO tblExamInfo VALUES (" & B39 & ", '" & C39 & "', '" & D39 & "', " & E39 & ");" -> INSERT INTO tblExamInfo VALUES (seqExamInfo.nextval, '2025-10-26', '실기', 34);
A40: 35 | B40: seqExamInfo.nextval | C40: =TEXT(RANDBETWEEN(DATE(2023,1,1),DATE(2025,12,31)),"yyyy-mm-dd") -> 2025-04-16 | D40: 실기 | E40: =RANDBETWEEN(27,40) -> 36 | G40: ="INSERT INTO tblExamInfo VALUES (" & B40 & ", '" & C40 & "', '" & D40 & "', " & E40 & ");" -> INSERT INTO tblExamInfo VALUES (seqExamInfo.nextval, '2025-04-16', '실기', 36);
A41: 36 | B41: seqExamInfo.nextval | C41: =TEXT(RANDBETWEEN(DATE(2023,1,1),DATE(2025,12,31)),"yyyy-mm-dd") -> 2025-01-04 | D41: 실기 | E41: =RANDBETWEEN(27,40) -> 31 | G41: ="INSERT INTO tblExamInfo VALUES (" & B41 & ", '" & C41 & "', '" & D41 & "', " & E41 & ");" -> INSERT INTO tblExamInfo VALUES (seqExamInfo.nextval, '2025-01-04', '실기', 31);
A42: 37 | B42: seqExamInfo.nextval | C42: =TEXT(RANDBETWEEN(DATE(2023,1,1),DATE(2025,12,31)),"yyyy-mm-dd") -> 2025-12-24 | D42: 실기 | E42: =RANDBETWEEN(27,40) -> 37 | G42: ="INSERT INTO tblExamInfo VALUES (" & B42 & ", '" & C42 & "', '" & D42 & "', " & E42 & ");" -> INSERT INTO tblExamInfo VALUES (seqExamInfo.nextval, '2025-12-24', '실기', 37);
A43: 38 | B43: seqExamInfo.nextval | C43: =TEXT(RANDBETWEEN(DATE(2023,1,1),DATE(2025,12,31)),"yyyy-mm-dd") -> 2025-04-07 | D43: 실기 | E43: =RANDBETWEEN(27,40) -> 40 | G43: ="INSERT INTO tblExamInfo VALUES (" & B43 & ", '" & C43 & "', '" & D43 & "', " & E43 & ");" -> INSERT INTO tblExamInfo VALUES (seqExamInfo.nextval, '2025-04-07', '실기', 40);
... A45: 40 | B45: seqExamInfo.nextval | C45: =TEXT(RANDBETWEEN(DATE(2023,1,1),DATE(2025,12,31)),"yyyy-mm-dd") -> 2025-05-12 | D45: 실기 | E45: =RANDBETWEEN(27,40) -> 32 | G45: ="INSERT INTO tblExamInfo VALUES (" & B45 & ", '" & C45 & "', '" & D45 & "', " & E45 & ");" -> INSERT INTO tblExamInfo VALUES (seqExamInfo.nextval, '2025-05-12', '실기', 32);
A46: 41 | B46: seqExamInfo.nextval | C46: =TEXT(RANDBETWEEN(DATE(2023,1,1),DATE(2025,12,31)),"yyyy-mm-dd") -> 2024-05-03 | D46: 실기 | E46: 1 | G46: ="INSERT INTO tblExamInfo VALUES (" & B46 & ", '" & C46 & "', '" & D46 & "', " & E46 & ");" -> INSERT INTO tblExamInfo VALUES (seqExamInfo.nextval, '2024-05-03', '실기', 1);
A47: 42 | B47: seqExamInfo.nextval | C47: =TEXT(RANDBETWEEN(DATE(2023,1,1),DATE(2025,12,31)),"yyyy-mm-dd") -> 2023-08-20 | D47: 실기 | E47: 2 | G47: ="INSERT INTO tblExamInfo VALUES (" & B47 & ", '" & C47 & "', '" & D47 & "', " & E47 & ");" -> INSERT INTO tblExamInfo VALUES (seqExamInfo.nextval, '2023-08-20', '실기', 2);
A48: 43 | B48: seqExamInfo.nextval | C48: =TEXT(RANDBETWEEN(DATE(2023,1,1),DATE(2025,12,31)),"yyyy-mm-dd") -> 2023-04-23 | D48: 실기 | E48: 3 | G48: ="INSERT INTO tblExamInfo VALUES (" & B48 & ", '" & C48 & "', '" & D48 & "', " & E48 & ");" -> INSERT INTO tblExamInfo VALUES (seqExamInfo.nextval, '2023-04-23', '실기', 3);
A49: 44 | B49: seqExamInfo.nextval | C49: =TEXT(RANDBETWEEN(DATE(2023,1,1),DATE(2025,12,31)),"yyyy-mm-dd") -> 2025-04-08 | D49: 실기 | E49: 4 | G49: ="INSERT INTO tblExamInfo VALUES (" & B49 & ", '" & C49 & "', '" & D49 & "', " & E49 & ");" -> INSERT INTO tblExamInfo VALUES (seqExamInfo.nextval, '2025-04-08', '실기', 4);
A50: 45 | B50: seqExamInfo.nextval | C50: =TEXT(RANDBETWEEN(DATE(2023,1,1),DATE(2025,12,31)),"yyyy-mm-dd") -> 2025-01-24 | D50: 실기 | E50: 5 | G50: ="INSERT INTO tblExamInfo VALUES (" & B50 & ", '" & C50 & "', '" & D50 & "', " & E50 & ");" -> INSERT INTO tblExamInfo VALUES (seqExamInfo.nextval, '2025-01-24', '실기', 5);
A51: 46 | B51: seqExamInfo.nextval | C51: =TEXT(RANDBETWEEN(DATE(2023,1,1),DATE(2025,12,31)),"yyyy-mm-dd") -> 2024-10-03 | D51: 실기 | E51: 6 | G51: ="INSERT INTO tblExamInfo VALUES (" & B51 & ", '" & C51 & "', '" & D51 & "', " & E51 & ");" -> INSERT INTO tblExamInfo VALUES (seqExamInfo.nextval, '2024-10-03', '실기', 6);
A52: 47 | B52: seqExamInfo.nextval | C52: =TEXT(RANDBETWEEN(DATE(2023,1,1),DATE(2025,12,31)),"yyyy-mm-dd") -> 2024-07-24 | D52: 실기 | E52: 7 | G52: ="INSERT INTO tblExamInfo VALUES (" & B52 & ", '" & C52 & "', '" & D52 & "', " & E52 & ");" -> INSERT INTO tblExamInfo VALUES (seqExamInfo.nextval, '2024-07-24', '실기', 7);
A53: 48 | B53: seqExamInfo.nextval | C53: =TEXT(RANDBETWEEN(DATE(2023,1,1),DATE(2025,12,31)),"yyyy-mm-dd") -> 2025-05-12 | D53: 실기 | E53: 8 | G53: ="INSERT INTO tblExamInfo VALUES (" & B53 & ", '" & C53 & "', '" & D53 & "', " & E53 & ");" -> INSERT INTO tblExamInfo VALUES (seqExamInfo.nextval, '2025-05-12', '실기', 8);
A54: 49 | B54: seqExamInfo.nextval | C54: =TEXT(RANDBETWEEN(DATE(2023,1,1),DATE(2025,12,31)),"yyyy-mm-dd") -> 2025-05-11 | D54: 실기 | E54: 9 | G54: ="INSERT INTO tblExamInfo VALUES (" & B54 & ", '" & C54 & "', '" & D54 & "', " & E54 & ");" -> INSERT INTO tblExamInfo VALUES (seqExamInfo.nextval, '2025-05-11', '실기', 9);
A55: 50 | B55: seqExamInfo.nextval | C55: =TEXT(RANDBETWEEN(DATE(2023,1,1),DATE(2025,12,31)),"yyyy-mm-dd") -> 2023-01-19 | D55: 실기 | E55: 10 | G55: ="INSERT INTO tblExamInfo VALUES (" & B55 & ", '" & C55 & "', '" & D55 & "', " & E55 & ");" -> INSERT INTO tblExamInfo VALUES (seqExamInfo.nextval, '2023-01-19', '실기', 10);
A56: 51 | B56: seqExamInfo.nextval | C56: =TEXT(RANDBETWEEN(DATE(2023,1,1),DATE(2025,12,31)),"yyyy-mm-dd") -> 2025-08-11 | D56: 실기 | E56: 11 | G56: ="INSERT INTO tblExamInfo VALUES (" & B56 & ", '" & C56 & "', '" & D56 & "', " & E56 & ");" -> INSERT INTO tblExamInfo VALUES (seqExamInfo.nextval, '2025-08-11', '실기', 11);
A57: 52 | B57: seqExamInfo.nextval | C57: =TEXT(RANDBETWEEN(DATE(2023,1,1),DATE(2025,12,31)),"yyyy-mm-dd") -> 2025-07-12 | D57: 실기 | E57: 12 | G57: ="INSERT INTO tblExamInfo VALUES (" & B57 & ", '" & C57 & "', '" & D57 & "', " & E57 & ");" -> INSERT INTO tblExamInfo VALUES (seqExamInfo.nextval, '2025-07-12', '실기', 12);
... A71: 66 | B71: seqExamInfo.nextval | C71: =TEXT(RANDBETWEEN(DATE(2023,1,1),DATE(2025,12,31)),"yyyy-mm-dd") -> 2024-11-23 | D71: 실기 | E71: 26 | G71: ="INSERT INTO tblExamInfo VALUES (" & B71 & ", '" & C71 & "', '" & D71 & "', " & E71 & ");" -> INSERT INTO tblExamInfo VALUES (seqExamInfo.nextval, '2024-11-23', '실기', 26);

Sheet 필기 시험 결과
J2: 491
B3: tblWrittenExamResult - 필기 시험 결과 (tblStudent, tblExamInfo 참조)
B5: 실기시험성적번호 | C5: 수강생번호 | D5: 실기성적 | E5: 시험정보번호
A6: 1 | B6: seqWrittenExamResult.nextval | C6: 1 | D6: =RANDBETWEEN(20,100) -> 57 | E6: =RANDBETWEEN(1,33) -> 33 | G6: ="INSERT INTO tblWrittenExamResult VALUES (" & B6 & ", " & C6 & ", " & D6 & ", " & E6 & ");" -> INSERT INTO tblWrittenExamResult VALUES (seqWrittenExamResult.nextval, 1, 57, 33);
A7: 2 | B7: seqWrittenExamResult.nextval | C7: 2 | D7: =RANDBETWEEN(20,100) -> 27 | E7: =RANDBETWEEN(1,33) -> 13 | G7: ="INSERT INTO tblWrittenExamResult VALUES (" & B7 & ", " & C7 & ", " & D7 & ", " & E7 & ");" -> INSERT INTO tblWrittenExamResult VALUES (seqWrittenExamResult.nextval, 2, 27, 13);
A8: 3 | B8: seqWrittenExamResult.nextval | C8: 3 | D8: =RANDBETWEEN(20,100) -> 32 | E8: =RANDBETWEEN(1,33) -> 27 | G8: ="INSERT INTO tblWrittenExamResult VALUES (" & B8 & ", " & C8 & ", " & D8 & ", " & E8 & ");" -> INSERT INTO tblWrittenExamResult VALUES (seqWrittenExamResult.nextval, 3, 32, 27);
A9: 4 | B9: seqWrittenExamResult.nextval | C9: 4 | D9: =RANDBETWEEN(20,100) -> 72 | E9: =RANDBETWEEN(1,33) -> 16 | G9: ="INSERT INTO tblWrittenExamResult VALUES (" & B9 & ", " & C9 & ", " & D9 & ", " & E9 & ");" -> INSERT INTO tblWrittenExamResult VALUES (seqWrittenExamResult.nextval, 4, 72, 16);
A10: 5 | B10: seqWrittenExamResult.nextval | C10: 5 | D10: =RANDBETWEEN(20,100) -> 50 | E10: =RANDBETWEEN(1,33) -> 1 | G10: ="INSERT INTO tblWrittenExamResult VALUES (" & B10 & ", " & C10 & ", " & D10 & ", " & E10 & ");" -> INSERT INTO tblWrittenExamResult VALUES (seqWrittenExamResult.nextval, 5, 50, 1);
A11: 6 | B11: seqWrittenExamResult.nextval | C11: 6 | D11: =RANDBETWEEN(20,100) -> 59 | E11: =RANDBETWEEN(1,33) -> 33 | G11: ="INSERT INTO tblWrittenExamResult VALUES (" & B11 & ", " & C11 & ", " & D11 & ", " & E11 & ");" -> INSERT INTO tblWrittenExamResult VALUES (seqWrittenExamResult.nextval, 6, 59, 33);
A12: 7 | B12: seqWrittenExamResult.nextval | C12: 7 | D12: =RANDBETWEEN(20,100) -> 67 | E12: =RANDBETWEEN(1,33) -> 27 | G12: ="INSERT INTO tblWrittenExamResult VALUES (" & B12 & ", " & C12 & ", " & D12 & ", " & E12 & ");" -> INSERT INTO tblWrittenExamResult VALUES (seqWrittenExamResult.nextval, 7, 67, 27);
A13: 8 | B13: seqWrittenExamResult.nextval | C13: 8 | D13: =RANDBETWEEN(20,100) -> 55 | E13: =RANDBETWEEN(1,33) -> 32 | G13: ="INSERT INTO tblWrittenExamResult VALUES (" & B13 & ", " & C13 & ", " & D13 & ", " & E13 & ");" -> INSERT INTO tblWrittenExamResult VALUES (seqWrittenExamResult.nextval, 8, 55, 32);
A14: 9 | B14: seqWrittenExamResult.nextval | C14: 9 | D14: =RANDBETWEEN(20,100) -> 90 | E14: =RANDBETWEEN(1,33) -> 21 | G14: ="INSERT INTO tblWrittenExamResult VALUES (" & B14 & ", " & C14 & ", " & D14 & ", " & E14 & ");" -> INSERT INTO tblWrittenExamResult VALUES (seqWrittenExamResult.nextval, 9, 90, 21);
A15: 10 | B15: seqWrittenExamResult.nextval | C15: 10 | D15: =RANDBETWEEN(20,100) -> 71 | E15: =RANDBETWEEN(1,33) -> 10 | G15: ="INSERT INTO tblWrittenExamResult VALUES (" & B15 & ", " & C15 & ", " & D15 & ", " & E15 & ");" -> INSERT INTO tblWrittenExamResult VALUES (seqWrittenExamResult.nextval, 10, 71, 10);
A16: 11 | B16: seqWrittenExamResult.nextval | C16: 11 | D16: =RANDBETWEEN(20,100) -> 92 | E16: =RANDBETWEEN(1,33) -> 10 | G16: ="INSERT INTO tblWrittenExamResult VALUES (" & B16 & ", " & C16 & ", " & D16 & ", " & E16 & ");" -> INSERT INTO tblWrittenExamResult VALUES (seqWrittenExamResult.nextval, 11, 92, 10);
A17: 12 | B17: seqWrittenExamResult.nextval | C17: 12 | D17: =RANDBETWEEN(20,100) -> 66 | E17: =RANDBETWEEN(1,33) -> 3 | G17: ="INSERT INTO tblWrittenExamResult VALUES (" & B17 & ", " & C17 & ", " & D17 & ", " & E17 & ");" -> INSERT INTO tblWrittenExamResult VALUES (seqWrittenExamResult.nextval, 12, 66, 3);
... A496: 491 | B496: seqWrittenExamResult.nextval | C496: 491 | D496: =RANDBETWEEN(20,100) -> 80 | E496: =RANDBETWEEN(1,33) -> 9 | G496: ="INSERT INTO tblWrittenExamResult VALUES (" & B496 & ", " & C496 & ", " & D496 & ", " & E496 & ");" -> INSERT INTO tblWrittenExamResult VALUES (seqWrittenExamResult.nextval, 491, 80, 9);

Sheet 실기 시험 결과
B4: tblPracticalExamResult - 실기 시험 결과 (tblStudent, tblExamInfo 참조)
B6: 실기시험성적번호 | C6: 수강생번호 | D6: 실기성적 | E6: 시험정보번호
A7: 1 | B7: seqPracticalExamResult.nextval | C7: 1 | D7: =RANDBETWEEN(10,100) -> 66 | E7: =RANDBETWEEN(34,66) -> 61 | G7: ="INSERT INTO tblPracticalExamResult VALUES (" & B7 & ", " & C7 & ", " & D7 & ", " & E7 & ");" -> INSERT INTO tblPracticalExamResult VALUES (seqPracticalExamResult.nextval, 1, 66, 61);
A8: 2 | B8: seqPracticalExamResult.nextval | C8: 2 | D8: =RANDBETWEEN(10,100) -> 86 | E8: =RANDBETWEEN(34,66) -> 51 | G8: ="INSERT INTO tblPracticalExamResult VALUES (" & B8 & ", " & C8 & ", " & D8 & ", " & E8 & ");" -> INSERT INTO tblPracticalExamResult VALUES (seqPracticalExamResult.nextval, 2, 86, 51);
A9: 3 | B9: seqPracticalExamResult.nextval | C9: 3 | D9: =RANDBETWEEN(10,100) -> 25 | E9: =RANDBETWEEN(34,66) -> 35 | G9: ="INSERT INTO tblPracticalExamResult VALUES (" & B9 & ", " & C9 & ", " & D9 & ", " & E9 & ");" -> INSERT INTO tblPracticalExamResult VALUES (seqPracticalExamResult.nextval, 3, 25, 35);
A10: 4 | B10: seqPracticalExamResult.nextval | C10: 4 | D10: =RANDBETWEEN(10,100) -> 28 | E10: =RANDBETWEEN(34,66) -> 42 | G10: ="INSERT INTO tblPracticalExamResult VALUES (" & B10 & ", " & C10 & ", " & D10 & ", " & E10 & ");" -> INSERT INTO tblPracticalExamResult VALUES (seqPracticalExamResult.nextval, 4, 28, 42);
A11: 5 | B11: seqPracticalExamResult.nextval | C11: 5 | D11: =RANDBETWEEN(10,100) -> 17 | E11: =RANDBETWEEN(34,66) -> 43 | G11: ="INSERT INTO tblPracticalExamResult VALUES (" & B11 & ", " & C11 & ", " & D11 & ", " & E11 & ");" -> INSERT INTO tblPracticalExamResult VALUES (seqPracticalExamResult.nextval, 5, 17, 43);
A12: 6 | B12: seqPracticalExamResult.nextval | C12: 6 | D12: =RANDBETWEEN(10,100) -> 11 | E12: =RANDBETWEEN(34,66) -> 45 | G12: ="INSERT INTO tblPracticalExamResult VALUES (" & B12 & ", " & C12 & ", " & D12 & ", " & E12 & ");" -> INSERT INTO tblPracticalExamResult VALUES (seqPracticalExamResult.nextval, 6, 11, 45);
A13: 7 | B13: seqPracticalExamResult.nextval | C13: 7 | D13: =RANDBETWEEN(10,100) -> 23 | E13: =RANDBETWEEN(34,66) -> 60 | G13: ="INSERT INTO tblPracticalExamResult VALUES (" & B13 & ", " & C13 & ", " & D13 & ", " & E13 & ");" -> INSERT INTO tblPracticalExamResult VALUES (seqPracticalExamResult.nextval, 7, 23, 60);
A14: 8 | B14: seqPracticalExamResult.nextval | C14: 8 | D14: =RANDBETWEEN(10,100) -> 41 | E14: =RANDBETWEEN(34,66) -> 46 | G14: ="INSERT INTO tblPracticalExamResult VALUES (" & B14 & ", " & C14 & ", " & D14 & ", " & E14 & ");" -> INSERT INTO tblPracticalExamResult VALUES (seqPracticalExamResult.nextval, 8, 41, 46);
A15: 9 | B15: seqPracticalExamResult.nextval | C15: 9 | D15: =RANDBETWEEN(10,100) -> 23 | E15: =RANDBETWEEN(34,66) -> 50 | G15: ="INSERT INTO tblPracticalExamResult VALUES (" & B15 & ", " & C15 & ", " & D15 & ", " & E15 & ");" -> INSERT INTO tblPracticalExamResult VALUES (seqPracticalExamResult.nextval, 9, 23, 50);
A16: 10 | B16: seqPracticalExamResult.nextval | C16: 10 | D16: =RANDBETWEEN(10,100) -> 70 | E16: =RANDBETWEEN(34,66) -> 35 | G16: ="INSERT INTO tblPracticalExamResult VALUES (" & B16 & ", " & C16 & ", " & D16 & ", " & E16 & ");" -> INSERT INTO tblPracticalExamResult VALUES (seqPracticalExamResult.nextval, 10, 70, 35);
A17: 11 | B17: seqPracticalExamResult.nextval | C17: 11 | D17: =RANDBETWEEN(10,100) -> 14 | E17: =RANDBETWEEN(34,66) -> 56 | G17: ="INSERT INTO tblPracticalExamResult VALUES (" & B17 & ", " & C17 & ", " & D17 & ", " & E17 & ");" -> INSERT INTO tblPracticalExamResult VALUES (seqPracticalExamResult.nextval, 11, 14, 56);
A18: 12 | B18: seqPracticalExamResult.nextval | C18: 12 | D18: =RANDBETWEEN(10,100) -> 73 | E18: =RANDBETWEEN(34,66) -> 35 | G18: ="INSERT INTO tblPracticalExamResult VALUES (" & B18 & ", " & C18 & ", " & D18 & ", " & E18 & ");" -> INSERT INTO tblPracticalExamResult VALUES (seqPracticalExamResult.nextval, 12, 73, 35);
... A497: 491 | B497: seqPracticalExamResult.nextval | C497: 491 | D497: =RANDBETWEEN(10,100) -> 69 | E497: =RANDBETWEEN(34,66) -> 43 | G497: ="INSERT INTO tblPracticalExamResult VALUES (" & B497 & ", " & C497 & ", " & D497 & ", " & E497 & ");" -> INSERT INTO tblPracticalExamResult VALUES (seqPracticalExamResult.nextval, 491, 69, 43);

Sheet 총점
B3: tblStudentTotalScore - 학생 총점 (tblStudent 참조)
B5: 학생별총점번호 | C5: 수강생 번호 | D5: 출결총점 | E5: 실기총점 | F5: 필기총점
A6: 1 | B6: seqStudentTotalScore.nextval | C6: 1 | H6: ="INSERT INTO tblStudentTotalScore VALUES (" & B6 & ", " & C6 & ", null, null, null);" -> INSERT INTO tblStudentTotalScore VALUES (seqStudentTotalScore.nextval, 1, null, null, null);
A7: 2 | B7: seqStudentTotalScore.nextval | C7: 2 | H7: ="INSERT INTO tblStudentTotalScore VALUES (" & B7 & ", " & C7 & ", null, null, null);" -> INSERT INTO tblStudentTotalScore VALUES (seqStudentTotalScore.nextval, 2, null, null, null);
A8: 3 | B8: seqStudentTotalScore.nextval | C8: 3 | H8: ="INSERT INTO tblStudentTotalScore VALUES (" & B8 & ", " & C8 & ", null, null, null);" -> INSERT INTO tblStudentTotalScore VALUES (seqStudentTotalScore.nextval, 3, null, null, null);
A9: 4 | B9: seqStudentTotalScore.nextval | C9: 4 | H9: ="INSERT INTO tblStudentTotalScore VALUES (" & B9 & ", " & C9 & ", null, null, null);" -> INSERT INTO tblStudentTotalScore VALUES (seqStudentTotalScore.nextval, 4, null, null, null);
A10: 5 | B10: seqStudentTotalScore.nextval | C10: 5 | H10: ="INSERT INTO tblStudentTotalScore VALUES (" & B10 & ", " & C10 & ", null, null, null);" -> INSERT INTO tblStudentTotalScore VALUES (seqStudentTotalScore.nextval, 5, null, null, null);
A11: 6 | B11: seqStudentTotalScore.nextval | C11: 6 | H11: ="INSERT INTO tblStudentTotalScore VALUES (" & B11 & ", " & C11 & ", null, null, null);" -> INSERT INTO tblStudentTotalScore VALUES (seqStudentTotalScore.nextval, 6, null, null, null);
A12: 7 | B12: seqStudentTotalScore.nextval | C12: 7 | H12: ="INSERT INTO tblStudentTotalScore VALUES (" & B12 & ", " & C12 & ", null, null, null);" -> INSERT INTO tblStudentTotalScore VALUES (seqStudentTotalScore.nextval, 7, null, null, null);
A13: 8 | B13: seqStudentTotalScore.nextval | C13: 8 | H13: ="INSERT INTO tblStudentTotalScore VALUES (" & B13 & ", " & C13 & ", null, null, null);" -> INSERT INTO tblStudentTotalScore VALUES (seqStudentTotalScore.nextval, 8, null, null, null);
A14: 9 | B14: seqStudentTotalScore.nextval | C14: 9 | H14: ="INSERT INTO tblStudentTotalScore VALUES (" & B14 & ", " & C14 & ", null, null, null);" -> INSERT INTO tblStudentTotalScore VALUES (seqStudentTotalScore.nextval, 9, null, null, null);
A15: 10 | B15: seqStudentTotalScore.nextval | C15: 10 | H15: ="INSERT INTO tblStudentTotalScore VALUES (" & B15 & ", " & C15 & ", null, null, null);" -> INSERT INTO tblStudentTotalScore VALUES (seqStudentTotalScore.nextval, 10, null, null, null);
A16: 11 | B16: seqStudentTotalScore.nextval | C16: 11 | H16: ="INSERT INTO tblStudentTotalScore VALUES (" & B16 & ", " & C16 & ", null, null, null);" -> INSERT INTO tblStudentTotalScore VALUES (seqStudentTotalScore.nextval, 11, null, null, null);
A17: 12 | B17: seqStudentTotalScore.nextval | C17: 12 | H17: ="INSERT INTO tblStudentTotalScore VALUES (" & B17 & ", " & C17 & ", null, null, null);" -> INSERT INTO tblStudentTotalScore VALUES (seqStudentTotalScore.nextval, 12, null, null, null);
... A496: 491 | B496: seqStudentTotalScore.nextval | C496: 491 | H496: ="INSERT INTO tblStudentTotalScore VALUES (" & B496 & ", " & C496 & ", null, null, null);" -> INSERT INTO tblStudentTotalScore VALUES (seqStudentTotalScore.nextval, 491, null, null, null);

Sheet 시트28

Sheet holidays
A1: 대한민국의 공휴일 | E1: Insert to tblHoliday | F1: Calendar Id | G1: 시작일 시간 | H1: 종료일 시간
A2: 공휴일/기념일 | B2: 시작일 시간 | C2: 종료일 시간 | D2: 구분 | F2: ko.south_korea#holiday@group.v.calendar.google.com | G2: 45292 | H2: 47848
A3: 새해첫날 | B3: 45292 | C3: 45293 | D3: 공휴일 | E3: ="INSERT INTO tblHoliday VALUES (seqHoliday.NEXTVAL, TO_DATE('" & TEXT(B3,"yyyy-mm-dd") & "', 'YYYY-MM-DD'), '" & A3 & "');" -> INSERT INTO tblHoliday VALUES (seqHoliday.NEXTVAL, TO_DATE('2024-01-01', 'YYYY-MM-DD'), '새해첫날');
A4: 설날 연휴 | B4: 45331 | C4: 45332 | D4: 공휴일 | E4: ="INSERT INTO tblHoliday VALUES (seqHoliday.NEXTVAL, TO_DATE('" & TEXT(B4,"yyyy-mm-dd") & "', 'YYYY-MM-DD'), '" & A4 & "');" -> INSERT INTO tblHoliday VALUES (seqHoliday.NEXTVAL, TO_DATE('2024-02-09', 'YYYY-MM-DD'), '설날 연휴');
A5: 설날 | B5: 45332 | C5: 45333 | D5: 공휴일 | E5: ="INSERT INTO tblHoliday VALUES (seqHoliday.NEXTVAL, TO_DATE('" & TEXT(B5,"yyyy-mm-dd") & "', 'YYYY-MM-DD'), '" & A5 & "');" -> INSERT INTO tblHoliday VALUES (seqHoliday.NEXTVAL, TO_DATE('2024-02-10', 'YYYY-MM-DD'), '설날');
A6: 설날 연휴 | B6: 45333 | C6: 45334 | D6: 공휴일 | E6: ="INSERT INTO tblHoliday VALUES (seqHoliday.NEXTVAL, TO_DATE('" & TEXT(B6,"yyyy-mm-dd") & "', 'YYYY-MM-DD'), '" & A6 & "');" -> INSERT INTO tblHoliday VALUES (seqHoliday.NEXTVAL, TO_DATE('2024-02-11', 'YYYY-MM-DD'), '설날 연휴');
A7: 설날 연휴 | B7: 45334 | C7: 45335 | D7: 공휴일 | E7: ="INSERT INTO tblHoliday VALUES (seqHoliday.NEXTVAL, TO_DATE('" & TEXT(B7,"yyyy-mm-dd") & "', 'YYYY-MM-DD'), '" & A7 & "');" -> INSERT INTO tblHoliday VALUES (seqHoliday.NEXTVAL, TO_DATE('2024-02-12', 'YYYY-MM-DD'), '설날 연휴');
A8: 삼일절 | B8: 45352 | C8: 45353 | D8: 공휴일 | E8: ="INSERT INTO tblHoliday VALUES (seqHoliday.NEXTVAL, TO_DATE('" & TEXT(B8,"yyyy-mm-dd") & "', 'YYYY-MM-DD'), '" & A8 & "');" -> INSERT INTO tblHoliday VALUES (seqHoliday.NEXTVAL, TO_DATE('2024-03-01', 'YYYY-MM-DD'), '삼일절');
A9: 식목일 | B9: 45387 | C9: 45388 | D9: 기념일 기념일을 숨기려면 Google Calendar 설정 > 대한민국의 휴일 캘린더로 이동하세요. | E9: ="INSERT INTO tblHoliday (holiday, name) VALUES (TO_DATE('" & TEXT(B9,"yyyy-mm-dd") & "', 'YYYY-MM-DD'), '" & A9 & "');" -> INSERT INTO tblHoliday (holiday, name) VALUES (TO_DATE('2024-04-05', 'YYYY-MM-DD'), '식목일');
A10: 국회의원선거일 | B10: 45392 | C10: 45393 | D10: 공휴일 | E10: ="INSERT INTO tblHoliday VALUES (seqHoliday.NEXTVAL, TO_DATE('" & TEXT(B10,"yyyy-mm-dd") & "', 'YYYY-MM-DD'), '" & A10 & "');" -> INSERT INTO tblHoliday VALUES (seqHoliday.NEXTVAL, TO_DATE('2024-04-10', 'YYYY-MM-DD'), '국회의원선거일');
A11: 노동절 | B11: 45413 | C11: 45414 | D11: 공휴일 | E11: ="INSERT INTO tblHoliday VALUES (seqHoliday.NEXTVAL, TO_DATE('" & TEXT(B11,"yyyy-mm-dd") & "', 'YYYY-MM-DD'), '" & A11 & "');" -> INSERT INTO tblHoliday VALUES (seqHoliday.NEXTVAL, TO_DATE('2024-05-01', 'YYYY-MM-DD'), '노동절');
A12: 어린이날 | B12: 45417 | C12: 45418 | D12: 공휴일 | E12: ="INSERT INTO tblHoliday VALUES (seqHoliday.NEXTVAL, TO_DATE('" & TEXT(B12,"yyyy-mm-dd") & "', 'YYYY-MM-DD'), '" & A12 & "');" -> INSERT INTO tblHoliday VALUES (seqHoliday.NEXTVAL, TO_DATE('2024-05-05', 'YYYY-MM-DD'), '어린이날');
A13: 쉬는 날 어린이날 | B13: 45418 | C13: 45419 | D13: 공휴일 | E13: ="INSERT INTO tblHoliday VALUES (seqHoliday.NEXTVAL, TO_DATE('" & TEXT(B13,"yyyy-mm-dd") & "', 'YYYY-MM-DD'), '" & A13 & "');" -> INSERT INTO tblHoliday VALUES (seqHoliday.NEXTVAL, TO_DATE('2024-05-06', 'YYYY-MM-DD'), '쉬는 날 어린이날');
A14: 어버이날 | B14: 45420 | C14: 45421 | D14: 기념일 기념일을 숨기려면 Google Calendar 설정 > 대한민국의 휴일 캘린더로 이동하세요. | E14: ="INSERT INTO tblHoliday (holiday, name) VALUES (TO_DATE('" & TEXT(B14,"yyyy-mm-dd") & "', 'YYYY-MM-DD'), '" & A14 & "');" -> INSERT INTO tblHoliday (holiday, name) VALUES (TO_DATE('2024-05-08', 'YYYY-MM-DD'), '어버이날');
A15: 부처님오신날 | B15: 45427 | C15: 45428 | D15: 공휴일 | E15: ="INSERT INTO tblHoliday VALUES (seqHoliday.NEXTVAL, TO_DATE('" & TEXT(B15,"yyyy-mm-dd") & "', 'YYYY-MM-DD'), '" & A15 & "');" -> INSERT INTO tblHoliday VALUES (seqHoliday.NEXTVAL, TO_DATE('2024-05-15', 'YYYY-MM-DD'), '부처님오신날');
A16: 스승의날 | B16: 45427 | C16: 45428 | D16: 기념일 기념일을 숨기려면 Google Calendar 설정 > 대한민국의 휴일 캘린더로 이동하세요. | E16: ="INSERT INTO tblHoliday (holiday, name) VALUES (TO_DATE('" & TEXT(B16,"yyyy-mm-dd") & "', 'YYYY-MM-DD'), '" & A16 & "');" -> INSERT INTO tblHoliday (holiday, name) VALUES (TO_DATE('2024-05-15', 'YYYY-MM-DD'), '스승의날');
A17: 현충일 | B17: 45449 | C17: 45450 | D17: 공휴일 | E17: ="INSERT INTO tblHoliday VALUES (seqHoliday.NEXTVAL, TO_DATE('" & TEXT(B17,"yyyy-mm-dd") & "', 'YYYY-MM-DD'), '" & A17 & "');" -> INSERT INTO tblHoliday VALUES (seqHoliday.NEXTVAL, TO_DATE('2024-06-06', 'YYYY-MM-DD'), '현충일');
A18: 제헌절 | B18: 45490 | C18: 45491 | D18: 기념일 기념일을 숨기려면 Google Calendar 설정 > 대한민국의 휴일 캘린더로 이동하세요. | E18: ="INSERT INTO tblHoliday (holiday, name) VALUES (TO_DATE('" & TEXT(B18,"yyyy-mm-dd") & "', 'YYYY-MM-DD'), '" & A18 & "');" -> INSERT INTO tblHoliday (holiday, name) VALUES (TO_DATE('2024-07-17', 'YYYY-MM-DD'), '제헌절');
A19: 광복절 | B19: 45519 | C19: 45520 | D19: 공휴일 | E19: ="INSERT INTO tblHoliday VALUES (seqHoliday.NEXTVAL, TO_DATE('" & TEXT(B19,"yyyy-mm-dd") & "', 'YYYY-MM-DD'), '" & A19 & "');" -> INSERT INTO tblHoliday VALUES (seqHoliday.NEXTVAL, TO_DATE('2024-08-15', 'YYYY-MM-DD'), '광복절');
A20: 추석 | B20: 45552 | C20: 45553 | D20: 공휴일 | E20: ="INSERT INTO tblHoliday VALUES (seqHoliday.NEXTVAL, TO_DATE('" & TEXT(B20,"yyyy-mm-dd") & "', 'YYYY-MM-DD'), '" & A20 & "');" -> INSERT INTO tblHoliday VALUES (seqHoliday.NEXTVAL, TO_DATE('2024-09-17', 'YYYY-MM-DD'), '추석');
A21: 추석 연휴 | B21: 45553 | C21: 45554 | D21: 공휴일 | E21: ="INSERT INTO tblHoliday VALUES (seqHoliday.NEXTVAL, TO_DATE('" & TEXT(B21,"yyyy-mm-dd") & "', 'YYYY-MM-DD'), '" & A21 & "');" -> INSERT INTO tblHoliday VALUES (seqHoliday.NEXTVAL, TO_DATE('2024-09-18', 'YYYY-MM-DD'), '추석 연휴');
A22: 국군의날 | B22: 45566 | C22: 45567 | D22: 공휴일 | E22: ="INSERT INTO tblHoliday VALUES (seqHoliday.NEXTVAL, TO_DATE('" & TEXT(B22,"yyyy-mm-dd") & "', 'YYYY-MM-DD'), '" & A22 & "');" -> INSERT INTO tblHoliday VALUES (seqHoliday.NEXTVAL, TO_DATE('2024-10-01', 'YYYY-MM-DD'), '국군의날');
A23: 개천절 | B23: 45568 | C23: 45569 | D23: 공휴일 | E23: ="INSERT INTO tblHoliday VALUES (seqHoliday.NEXTVAL, TO_DATE('" & TEXT(B23,"yyyy-mm-dd") & "', 'YYYY-MM-DD'), '" & A23 & "');" -> INSERT INTO tblHoliday VALUES (seqHoliday.NEXTVAL, TO_DATE('2024-10-03', 'YYYY-MM-DD'), '개천절');
A24: 한글날 | B24: 45574 | C24: 45575 | D24: 공휴일 | E24: ="INSERT INTO tblHoliday VALUES (seqHoliday.NEXTVAL, TO_DATE('" & TEXT(B24,"yyyy-mm-dd") & "', 'YYYY-MM-DD'), '" & A24 & "');" -> INSERT INTO tblHoliday VALUES (seqHoliday.NEXTVAL, TO_DATE('2024-10-09', 'YYYY-MM-DD'), '한글날');
A25: 크리스마스 이브 | B25: 45650 | C25: 45651 | D25: 기념일 기념일을 숨기려면 Google Calendar 설정 > 대한민국의 휴일 캘린더로 이동하세요. | E25: ="INSERT INTO tblHoliday (holiday, name) VALUES (TO_DATE('" & TEXT(B25,"yyyy-mm-dd") & "', 'YYYY-MM-DD'), '" & A25 & "');" -> INSERT INTO tblHoliday (holiday, name) VALUES (TO_DATE('2024-12-24', 'YYYY-MM-DD'), '크리스마스 이브');
A26: 크리스마스 | B26: 45651 | C26: 45652 | D26: 공휴일 | E26: ="INSERT INTO tblHoliday VALUES (seqHoliday.NEXTVAL, TO_DATE('" & TEXT(B26,"yyyy-mm-dd") & "', 'YYYY-MM-DD'), '" & A26 & "');" -> INSERT INTO tblHoliday VALUES (seqHoliday.NEXTVAL, TO_DATE('2024-12-25', 'YYYY-MM-DD'), '크리스마스');
A27: 섣달 그믐날 | B27: 45657 | C27: 45658 | D27: 기념일 기념일을 숨기려면 Google Calendar 설정 > 대한민국의 휴일 캘린더로 이동하세요. | E27: ="INSERT INTO tblHoliday (holiday, name) VALUES (TO_DATE('" & TEXT(B27,"yyyy-mm-dd") & "', 'YYYY-MM-DD'), '" & A27 & "');" -> INSERT INTO tblHoliday (holiday, name) VALUES (TO_DATE('2024-12-31', 'YYYY-MM-DD'), '섣달 그믐날');
A28: 새해첫날 | B28: 45658 | C28: 45659 | D28: 공휴일 | E28: ="INSERT INTO tblHoliday VALUES (seqHoliday.NEXTVAL, TO_DATE('" & TEXT(B28,"yyyy-mm-dd") & "', 'YYYY-MM-DD'), '" & A28 & "');" -> INSERT INTO tblHoliday VALUES (seqHoliday.NEXTVAL, TO_DATE('2025-01-01', 'YYYY-MM-DD'), '새해첫날');
A29: 설날 연휴 | B29: 45684 | C29: 45685 | D29: 공휴일 | E29: ="INSERT INTO tblHoliday VALUES (seqHoliday.NEXTVAL, TO_DATE('" & TEXT(B29,"yyyy-mm-dd") & "', 'YYYY-MM-DD'), '" & A29 & "');" -> INSERT INTO tblHoliday VALUES (seqHoliday.NEXTVAL, TO_DATE('2025-01-27', 'YYYY-MM-DD'), '설날 연휴');
A30: 설날 연휴 | B30: 45685 | C30: 45686 | D30: 공휴일 | E30: ="INSERT INTO tblHoliday VALUES (seqHoliday.NEXTVAL, TO_DATE('" & TEXT(B30,"yyyy-mm-dd") & "', 'YYYY-MM-DD'), '" & A30 & "');" -> INSERT INTO tblHoliday VALUES (seqHoliday.NEXTVAL, TO_DATE('2025-01-28', 'YYYY-MM-DD'), '설날 연휴');
A31: 설날 | B31: 45686 | C31: 45687 | D31: 공휴일 | E31: ="INSERT INTO tblHoliday VALUES (seqHoliday.NEXTVAL, TO_DATE('" & TEXT(B31,"yyyy-mm-dd") & "', 'YYYY-MM-DD'), '" & A31 & "');" -> INSERT INTO tblHoliday VALUES (seqHoliday.NEXTVAL, TO_DATE('2025-01-29', 'YYYY-MM-DD'), '설날');
A32: 설날 연휴 | B32: 45687 | C32: 45688 | D32: 공휴일 | E32: ="INSERT INTO tblHoliday VALUES (seqHoliday.NEXTVAL, TO_DATE('" & TEXT(B32,"yyyy-mm-dd") & "', 'YYYY-MM-DD'), '" & A32 & "');" -> INSERT INTO tblHoliday VALUES (seqHoliday.NEXTVAL, TO_DATE('2025-01-30', 'YYYY-MM-DD'), '설날 연휴');
A33: 삼일절 | B33: 45717 | C33: 45718 | D33: 공휴일 | E33: ="INSERT INTO tblHoliday VALUES (seqHoliday.NEXTVAL, TO_DATE('" & TEXT(B33,"yyyy-mm-dd") & "', 'YYYY-MM-DD'), '" & A33 & "');" -> INSERT INTO tblHoliday VALUES (seqHoliday.NEXTVAL, TO_DATE('2025-03-01', 'YYYY-MM-DD'), '삼일절');
A34: 쉬는 날 삼일절 | B34: 45719 | C34: 45720 | D34: 공휴일 | E34: ="INSERT INTO tblHoliday VALUES (seqHoliday.NEXTVAL, TO_DATE('" & TEXT(B34,"yyyy-mm-dd") & "', 'YYYY-MM-DD'), '" & A34 & "');" -> INSERT INTO tblHoliday VALUES (seqHoliday.NEXTVAL, TO_DATE('2025-03-03', 'YYYY-MM-DD'), '쉬는 날 삼일절');
A35: 식목일 | B35: 45752 | C35: 45753 | D35: 기념일 기념일을 숨기려면 Google Calendar 설정 > 대한민국의 휴일 캘린더로 이동하세요. | E35: ="INSERT INTO tblHoliday (holiday, name) VALUES (TO_DATE('" & TEXT(B35,"yyyy-mm-dd") & "', 'YYYY-MM-DD'), '" & A35 & "');" -> INSERT INTO tblHoliday (holiday, name) VALUES (TO_DATE('2025-04-05', 'YYYY-MM-DD'), '식목일');
A36: 노동절 | B36: 45778 | C36: 45779 | D36: 공휴일 | E36: ="INSERT INTO tblHoliday VALUES (seqHoliday.NEXTVAL, TO_DATE('" & TEXT(B36,"yyyy-mm-dd") & "', 'YYYY-MM-DD'), '" & A36 & "');" -> INSERT INTO tblHoliday VALUES (seqHoliday.NEXTVAL, TO_DATE('2025-05-01', 'YYYY-MM-DD'), '노동절');
A37: 어린이날 | B37: 45782 | C37: 45783 | D37: 공휴일 | E37: ="INSERT INTO tblHoliday VALUES (seqHoliday.NEXTVAL, TO_DATE('" & TEXT(B37,"yyyy-mm-dd") & "', 'YYYY-MM-DD'), '" & A37 & "');" -> INSERT INTO tblHoliday VALUES (seqHoliday.NEXTVAL, TO_DATE('2025-05-05', 'YYYY-MM-DD'), '어린이날');
A38: 부처님오신날 | B38: 45782 | C38: 45783 | D38: 공휴일 | E38: ="INSERT INTO tblHoliday VALUES (seqHoliday.NEXTVAL, TO_DATE('" & TEXT(B38,"yyyy-mm-dd") & "', 'YYYY-MM-DD'), '" & A38 & "');" -> INSERT INTO tblHoliday VALUES (seqHoliday.NEXTVAL, TO_DATE('2025-05-05', 'YYYY-MM-DD'), '부처님오신날');
A39: 쉬는 날 어린이날 | B39: 45783 | C39: 45784 | D39: 공휴일 | E39: ="INSERT INTO tblHoliday VALUES (seqHoliday.NEXTVAL, TO_DATE('" & TEXT(B39,"yyyy-mm-dd") & "', 'YYYY-MM-DD'), '" & A39 & "');" -> INSERT INTO tblHoliday VALUES (seqHoliday.NEXTVAL, TO_DATE('2025-05-06', 'YYYY-MM-DD'), '쉬는 날 어린이날');
A40: 어버이날 | B40: 45785 | C40: 45786 | D40: 기념일 기념일을 숨기려면 Google Calendar 설정 > 대한민국의 휴일 캘린더로 이동하세요. | E40: ="INSERT INTO tblHoliday (holiday, name) VALUES (TO_DATE('" & TEXT(B40,"yyyy-mm-dd") & "', 'YYYY-MM-DD'), '" & A40 & "');" -> INSERT INTO tblHoliday (holiday, name) VALUES (TO_DATE('2025-05-08', 'YYYY-MM-DD'), '어버이날');
A41: 스승의날 | B41: 45792 | C41: 45793 | D41: 기념일 기념일을 숨기려면 Google Calendar 설정 > 대한민국의 휴일 캘린더로 이동하세요. | E41: ="INSERT INTO tblHoliday (holiday, name) VALUES (TO_DATE('" & TEXT(B41,"yyyy-mm-dd") & "', 'YYYY-MM-DD'), '" & A41 & "');" -> INSERT INTO tblHoliday (holiday, name) VALUES (TO_DATE('2025-05-15', 'YYYY-MM-DD'), '스승의날');
A42: 대통령 선거 | B42: 45811 | C42: 45812 | D42: 공휴일 | E42: ="INSERT INTO tblHoliday VALUES (seqHoliday.NEXTVAL, TO_DATE('" & TEXT(B42,"yyyy-mm-dd") & "', 'YYYY-MM-DD'), '" & A42 & "');" -> INSERT INTO tblHoliday VALUES (seqHoliday.NEXTVAL, TO_DATE('2025-06-03', 'YYYY-MM-DD'), '대통령 선거');
A43: 현충일 | B43: 45814 | C43: 45815 | D43: 공휴일 | E43: ="INSERT INTO tblHoliday VALUES (seqHoliday.NEXTVAL, TO_DATE('" & TEXT(B43,"yyyy-mm-dd") & "', 'YYYY-MM-DD'), '" & A43 & "');" -> INSERT INTO tblHoliday VALUES (seqHoliday.NEXTVAL, TO_DATE('2025-06-06', 'YYYY-MM-DD'), '현충일');
A44: 제헌절 | B44: 45855 | C44: 45856 | D44: 기념일 기념일을 숨기려면 Google Calendar 설정 > 대한민국의 휴일 캘린더로 이동하세요. | E44: ="INSERT INTO tblHoliday (holiday, name) VALUES (TO_DATE('" & TEXT(B44,"yyyy-mm-dd") & "', 'YYYY-MM-DD'), '" & A44 & "');" -> INSERT INTO tblHoliday (holiday, name) VALUES (TO_DATE('2025-07-17', 'YYYY-MM-DD'), '제헌절');
A45: 광복절 | B45: 45884 | C45: 45885 | D45: 공휴일 | E45: ="INSERT INTO tblHoliday VALUES (seqHoliday.NEXTVAL, TO_DATE('" & TEXT(B45,"yyyy-mm-dd") & "', 'YYYY-MM-DD'), '" & A45 & "');" -> INSERT INTO tblHoliday VALUES (seqHoliday.NEXTVAL, TO_DATE('2025-08-15', 'YYYY-MM-DD'), '광복절');
A46: 국군의날 | B46: 45931 | C46: 45932 | D46: 기념일 기념일을 숨기려면 Google Calendar 설정 > 대한민국의 휴일 캘린더로 이동하세요. | E46: ="INSERT INTO tblHoliday (holiday, name) VALUES (TO_DATE('" & TEXT(B46,"yyyy-mm-dd") & "', 'YYYY-MM-DD'), '" & A46 & "');" -> INSERT INTO tblHoliday (holiday, name) VALUES (TO_DATE('2025-10-01', 'YYYY-MM-DD'), '국군의날');
A47: 개천절 | B47: 45933 | C47: 45934 | D47: 공휴일 | E47: ="INSERT INTO tblHoliday VALUES (seqHoliday.NEXTVAL, TO_DATE('" & TEXT(B47,"yyyy-mm-dd") & "', 'YYYY-MM-DD'), '" & A47 & "');" -> INSERT INTO tblHoliday VALUES (seqHoliday.NEXTVAL, TO_DATE('2025-10-03', 'YYYY-MM-DD'), '개천절');
A48: 추석 연휴 | B48: 45935 | C48: 45936 | D48: 공휴일 | E48: ="INSERT INTO tblHoliday VALUES (seqHoliday.NEXTVAL, TO_DATE('" & TEXT(B48,"yyyy-mm-dd") & "', 'YYYY-MM-DD'), '" & A48 & "');" -> INSERT INTO tblHoliday VALUES (seqHoliday.NEXTVAL, TO_DATE('2025-10-05', 'YYYY-MM-DD'), '추석 연휴');
A49: 추석 | B49: 45936 | C49: 45937 | D49: 공휴일 | E49: ="INSERT INTO tblHoliday VALUES (seqHoliday.NEXTVAL, TO_DATE('" & TEXT(B49,"yyyy-mm-dd") & "', 'YYYY-MM-DD'), '" & A49 & "');" -> INSERT INTO tblHoliday VALUES (seqHoliday.NEXTVAL, TO_DATE('2025-10-06', 'YYYY-MM-DD'), '추석');
A50: 추석 연휴 | B50: 45937 | C50: 45938 | D50: 공휴일 | E50: ="INSERT INTO tblHoliday VALUES (seqHoliday.NEXTVAL, TO_DATE('" & TEXT(B50,"yyyy-mm-dd") & "', 'YYYY-MM-DD'), '" & A50 & "');" -> INSERT INTO tblHoliday VALUES (seqHoliday.NEXTVAL, TO_DATE('2025-10-07', 'YYYY-MM-DD'), '추석 연휴');
A51: 쉬는 날 추석 연휴 | B51: 45938 | C51: 45939 | D51: 공휴일 | E51: ="INSERT INTO tblHoliday VALUES (seqHoliday.NEXTVAL, TO_DATE('" & TEXT(B51,"yyyy-mm-dd") & "', 'YYYY-MM-DD'), '" & A51 & "');" -> INSERT INTO tblHoliday VALUES (seqHoliday.NEXTVAL, TO_DATE('2025-10-08', 'YYYY-MM-DD'), '쉬는 날 추석 연휴');
A52: 한글날 | B52: 45939 | C52: 45940 | D52: 공휴일 | E52: ="INSERT INTO tblHoliday VALUES (seqHoliday.NEXTVAL, TO_DATE('" & TEXT(B52,"yyyy-mm-dd") & "', 'YYYY-MM-DD'), '" & A52 & "');" -> INSERT INTO tblHoliday VALUES (seqHoliday.NEXTVAL, TO_DATE('2025-10-09', 'YYYY-MM-DD'), '한글날');
A53: 크리스마스 이브 | B53: 46015 | C53: 46016 | D53: 기념일 기념일을 숨기려면 Google Calendar 설정 > 대한민국의 휴일 캘린더로 이동하세요. | E53: ="INSERT INTO tblHoliday (holiday, name) VALUES (TO_DATE('" & TEXT(B53,"yyyy-mm-dd") & "', 'YYYY-MM-DD'), '" & A53 & "');" -> INSERT INTO tblHoliday (holiday, name) VALUES (TO_DATE('2025-12-24', 'YYYY-MM-DD'), '크리스마스 이브');
A54: 크리스마스 | B54: 46016 | C54: 46017 | D54: 공휴일 | E54: ="INSERT INTO tblHoliday VALUES (seqHoliday.NEXTVAL, TO_DATE('" & TEXT(B54,"yyyy-mm-dd") & "', 'YYYY-MM-DD'), '" & A54 & "');" -> INSERT INTO tblHoliday VALUES (seqHoliday.NEXTVAL, TO_DATE('2025-12-25', 'YYYY-MM-DD'), '크리스마스');
A55: 섣달 그믐날 | B55: 46022 | C55: 46023 | D55: 기념일 기념일을 숨기려면 Google Calendar 설정 > 대한민국의 휴일 캘린더로 이동하세요. | E55: ="INSERT INTO tblHoliday (holiday, name) VALUES (TO_DATE('" & TEXT(B55,"yyyy-mm-dd") & "', 'YYYY-MM-DD'), '" & A55 & "');" -> INSERT INTO tblHoliday (holiday, name) VALUES (TO_DATE('2025-12-31', 'YYYY-MM-DD'), '섣달 그믐날');
A56: 새해첫날 | B56: 46023 | C56: 46024 | D56: 공휴일 | E56: ="INSERT INTO tblHoliday VALUES (seqHoliday.NEXTVAL, TO_DATE('" & TEXT(B56,"yyyy-mm-dd") & "', 'YYYY-MM-DD'), '" & A56 & "');" -> INSERT INTO tblHoliday VALUES (seqHoliday.NEXTVAL, TO_DATE('2026-01-01', 'YYYY-MM-DD'), '새해첫날');
A57: 설날 연휴 | B57: 46069 | C57: 46070 | D57: 공휴일 | E57: ="INSERT INTO tblHoliday VALUES (seqHoliday.NEXTVAL, TO_DATE('" & TEXT(B57,"yyyy-mm-dd") & "', 'YYYY-MM-DD'), '" & A57 & "');" -> INSERT INTO tblHoliday VALUES (seqHoliday.NEXTVAL, TO_DATE('2026-02-16', 'YYYY-MM-DD'), '설날 연휴');
A58: 설날 | B58: 46070 | C58: 46071 | D58: 공휴일 | E58: ="INSERT INTO tblHoliday VALUES (seqHoliday.NEXTVAL, TO_DATE('" & TEXT(B58,"yyyy-mm-dd") & "', 'YYYY-MM-DD'), '" & A58 & "');" -> INSERT INTO tblHoliday VALUES (seqHoliday.NEXTVAL, TO_DATE('2026-02-17', 'YYYY-MM-DD'), '설날');
A59: 설날 연휴 | B59: 46071 | C59: 46072 | D59: 공휴일 | E59: ="INSERT INTO tblHoliday VALUES (seqHoliday.NEXTVAL, TO_DATE('" & TEXT(B59,"yyyy-mm-dd") & "', 'YYYY-MM-DD'), '" & A59 & "');" -> INSERT INTO tblHoliday VALUES (seqHoliday.NEXTVAL, TO_DATE('2026-02-18', 'YYYY-MM-DD'), '설날 연휴');
A60: 삼일절 | B60: 46082 | C60: 46083 | D60: 공휴일 | E60: ="INSERT INTO tblHoliday VALUES (seqHoliday.NEXTVAL, TO_DATE('" & TEXT(B60,"yyyy-mm-dd") & "', 'YYYY-MM-DD'), '" & A60 & "');" -> INSERT INTO tblHoliday VALUES (seqHoliday.NEXTVAL, TO_DATE('2026-03-01', 'YYYY-MM-DD'), '삼일절');
A61: 쉬는 날 삼일절 | B61: 46083 | C61: 46084 | D61: 공휴일 | E61: ="INSERT INTO tblHoliday VALUES (seqHoliday.NEXTVAL, TO_DATE('" & TEXT(B61,"yyyy-mm-dd") & "', 'YYYY-MM-DD'), '" & A61 & "');" -> INSERT INTO tblHoliday VALUES (seqHoliday.NEXTVAL, TO_DATE('2026-03-02', 'YYYY-MM-DD'), '쉬는 날 삼일절');
A62: 식목일 | B62: 46117 | C62: 46118 | D62: 기념일 기념일을 숨기려면 Google Calendar 설정 > 대한민국의 휴일 캘린더로 이동하세요. | E62: ="INSERT INTO tblHoliday (holiday, name) VALUES (TO_DATE('" & TEXT(B62,"yyyy-mm-dd") & "', 'YYYY-MM-DD'), '" & A62 & "');" -> INSERT INTO tblHoliday (holiday, name) VALUES (TO_DATE('2026-04-05', 'YYYY-MM-DD'), '식목일');
A63: 노동절 | B63: 46143 | C63: 46144 | D63: 공휴일 | E63: ="INSERT INTO tblHoliday VALUES (seqHoliday.NEXTVAL, TO_DATE('" & TEXT(B63,"yyyy-mm-dd") & "', 'YYYY-MM-DD'), '" & A63 & "');" -> INSERT INTO tblHoliday VALUES (seqHoliday.NEXTVAL, TO_DATE('2026-05-01', 'YYYY-MM-DD'), '노동절');
A64: 어린이날 | B64: 46147 | C64: 46148 | D64: 공휴일 | E64: ="INSERT INTO tblHoliday VALUES (seqHoliday.NEXTVAL, TO_DATE('" & TEXT(B64,"yyyy-mm-dd") & "', 'YYYY-MM-DD'), '" & A64 & "');" -> INSERT INTO tblHoliday VALUES (seqHoliday.NEXTVAL, TO_DATE('2026-05-05', 'YYYY-MM-DD'), '어린이날');
A65: 어버이날 | B65: 46150 | C65: 46151 | D65: 기념일 기념일을 숨기려면 Google Calendar 설정 > 대한민국의 휴일 캘린더로 이동하세요. | E65: ="INSERT INTO tblHoliday (holiday, name) VALUES (TO_DATE('" & TEXT(B65,"yyyy-mm-dd") & "', 'YYYY-MM-DD'), '" & A65 & "');" -> INSERT INTO tblHoliday (holiday, name) VALUES (TO_DATE('2026-05-08', 'YYYY-MM-DD'), '어버이날');
A66: 스승의날 | B66: 46157 | C66: 46158 | D66: 기념일 기념일을 숨기려면 Google Calendar 설정 > 대한민국의 휴일 캘린더로 이동하세요. | E66: ="INSERT INTO tblHoliday (holiday, name) VALUES (TO_DATE('" & TEXT(B66,"yyyy-mm-dd") & "', 'YYYY-MM-DD'), '" & A66 & "');" -> INSERT INTO tblHoliday (holiday, name) VALUES (TO_DATE('2026-05-15', 'YYYY-MM-DD'), '스승의날');
A67: 부처님오신날 | B67: 46166 | C67: 46167 | D67: 공휴일 | E67: ="INSERT INTO tblHoliday VALUES (seqHoliday.NEXTVAL, TO_DATE('" & TEXT(B67,"yyyy-mm-dd") & "', 'YYYY-MM-DD'), '" & A67 & "');" -> INSERT INTO tblHoliday VALUES (seqHoliday.NEXTVAL, TO_DATE('2026-05-24', 'YYYY-MM-DD'), '부처님오신날');
A68: 부처님오신날 연휴 | B68: 46167 | C68: 46168 | D68: 공휴일 | E68: ="INSERT INTO tblHoliday VALUES (seqHoliday.NEXTVAL, TO_DATE('" & TEXT(B68,"yyyy-mm-dd") & "', 'YYYY-MM-DD'), '" & A68 & "');" -> INSERT INTO tblHoliday VALUES (seqHoliday.NEXTVAL, TO_DATE('2026-05-25', 'YYYY-MM-DD'), '부처님오신날 연휴');
A69: 지방선거일 | B69: 46176 | C69: 46177 | D69: 공휴일 | E69: ="INSERT INTO tblHoliday VALUES (seqHoliday.NEXTVAL, TO_DATE('" & TEXT(B69,"yyyy-mm-dd") & "', 'YYYY-MM-DD'), '" & A69 & "');" -> INSERT INTO tblHoliday VALUES (seqHoliday.NEXTVAL, TO_DATE('2026-06-03', 'YYYY-MM-DD'), '지방선거일');
A70: 현충일 | B70: 46179 | C70: 46180 | D70: 공휴일 | E70: ="INSERT INTO tblHoliday VALUES (seqHoliday.NEXTVAL, TO_DATE('" & TEXT(B70,"yyyy-mm-dd") & "', 'YYYY-MM-DD'), '" & A70 & "');" -> INSERT INTO tblHoliday VALUES (seqHoliday.NEXTVAL, TO_DATE('2026-06-06', 'YYYY-MM-DD'), '현충일');
A71: 제헌절 | B71: 46220 | C71: 46221 | D71: 기념일 기념일을 숨기려면 Google Calendar 설정 > 대한민국의 휴일 캘린더로 이동하세요. | E71: ="INSERT INTO tblHoliday (holiday, name) VALUES (TO_DATE('" & TEXT(B71,"yyyy-mm-dd") & "', 'YYYY-MM-DD'), '" & A71 & "');" -> INSERT INTO tblHoliday (holiday, name) VALUES (TO_DATE('2026-07-17', 'YYYY-MM-DD'), '제헌절');
A72: 광복절 | B72: 46249 | C72: 46250 | D72: 공휴일 | E72: ="INSERT INTO tblHoliday VALUES (seqHoliday.NEXTVAL, TO_DATE('" & TEXT(B72,"yyyy-mm-dd") & "', 'YYYY-MM-DD'), '" & A72 & "');" -> INSERT INTO tblHoliday VALUES (seqHoliday.NEXTVAL, TO_DATE('2026-08-15', 'YYYY-MM-DD'), '광복절');
A73: 쉬는 날 광복절 | B73: 46251 | C73: 46252 | D73: 공휴일 | E73: ="INSERT INTO tblHoliday VALUES (seqHoliday.NEXTVAL, TO_DATE('" & TEXT(B73,"yyyy-mm-dd") & "', 'YYYY-MM-DD'), '" & A73 & "');" -> INSERT INTO tblHoliday VALUES (seqHoliday.NEXTVAL, TO_DATE('2026-08-17', 'YYYY-MM-DD'), '쉬는 날 광복절');
A74: 추석 연휴 | B74: 46289 | C74: 46290 | D74: 공휴일 | E74: ="INSERT INTO tblHoliday VALUES (seqHoliday.NEXTVAL, TO_DATE('" & TEXT(B74,"yyyy-mm-dd") & "', 'YYYY-MM-DD'), '" & A74 & "');" -> INSERT INTO tblHoliday VALUES (seqHoliday.NEXTVAL, TO_DATE('2026-09-24', 'YYYY-MM-DD'), '추석 연휴');
A75: 추석 | B75: 46290 | C75: 46291 | D75: 공휴일 | E75: ="INSERT INTO tblHoliday VALUES (seqHoliday.NEXTVAL, TO_DATE('" & TEXT(B75,"yyyy-mm-dd") & "', 'YYYY-MM-DD'), '" & A75 & "');" -> INSERT INTO tblHoliday VALUES (seqHoliday.NEXTVAL, TO_DATE('2026-09-25', 'YYYY-MM-DD'), '추석');
A76: 추석 연휴 | B76: 46291 | C76: 46292 | D76: 공휴일 | E76: ="INSERT INTO tblHoliday VALUES (seqHoliday.NEXTVAL, TO_DATE('" & TEXT(B76,"yyyy-mm-dd") & "', 'YYYY-MM-DD'), '" & A76 & "');" -> INSERT INTO tblHoliday VALUES (seqHoliday.NEXTVAL, TO_DATE('2026-09-26', 'YYYY-MM-DD'), '추석 연휴');
A77: 국군의날 | B77: 46296 | C77: 46297 | D77: 기념일 기념일을 숨기려면 Google Calendar 설정 > 대한민국의 휴일 캘린더로 이동하세요. | E77: ="INSERT INTO tblHoliday (holiday, name) VALUES (TO_DATE('" & TEXT(B77,"yyyy-mm-dd") & "', 'YYYY-MM-DD'), '" & A77 & "');" -> INSERT INTO tblHoliday (holiday, name) VALUES (TO_DATE('2026-10-01', 'YYYY-MM-DD'), '국군의날');
A78: 개천절 | B78: 46298 | C78: 46299 | D78: 공휴일 | E78: ="INSERT INTO tblHoliday VALUES (seqHoliday.NEXTVAL, TO_DATE('" & TEXT(B78,"yyyy-mm-dd") & "', 'YYYY-MM-DD'), '" & A78 & "');" -> INSERT INTO tblHoliday VALUES (seqHoliday.NEXTVAL, TO_DATE('2026-10-03', 'YYYY-MM-DD'), '개천절');
A79: 쉬는 날 개천절 | B79: 46300 | C79: 46301 | D79: 공휴일 | E79: ="INSERT INTO tblHoliday VALUES (seqHoliday.NEXTVAL, TO_DATE('" & TEXT(B79,"yyyy-mm-dd") & "', 'YYYY-MM-DD'), '" & A79 & "');" -> INSERT INTO tblHoliday VALUES (seqHoliday.NEXTVAL, TO_DATE('2026-10-05', 'YYYY-MM-DD'), '쉬는 날 개천절');
A80: 한글날 | B80: 46304 | C80: 46305 | D80: 공휴일 | E80: ="INSERT INTO tblHoliday VALUES (seqHoliday.NEXTVAL, TO_DATE('" & TEXT(B80,"yyyy-mm-dd") & "', 'YYYY-MM-DD'), '" & A80 & "');" -> INSERT INTO tblHoliday VALUES (seqHoliday.NEXTVAL, TO_DATE('2026-10-09', 'YYYY-MM-DD'), '한글날');
A81: 크리스마스 이브 | B81: 46380 | C81: 46381 | D81: 기념일 기념일을 숨기려면 Google Calendar 설정 > 대한민국의 휴일 캘린더로 이동하세요. | E81: ="INSERT INTO tblHoliday (holiday, name) VALUES (TO_DATE('" & TEXT(B81,"yyyy-mm-dd") & "', 'YYYY-MM-DD'), '" & A81 & "');" -> INSERT INTO tblHoliday (holiday, name) VALUES (TO_DATE('2026-12-24', 'YYYY-MM-DD'), '크리스마스 이브');
A82: 크리스마스 | B82: 46381 | C82: 46382 | D82: 공휴일 | E82: ="INSERT INTO tblHoliday VALUES (seqHoliday.NEXTVAL, TO_DATE('" & TEXT(B82,"yyyy-mm-dd") & "', 'YYYY-MM-DD'), '" & A82 & "');" -> INSERT INTO tblHoliday VALUES (seqHoliday.NEXTVAL, TO_DATE('2026-12-25', 'YYYY-MM-DD'), '크리스마스');
A83: 섣달 그믐날 | B83: 46387 | C83: 46388 | D83: 기념일 기념일을 숨기려면 Google Calendar 설정 > 대한민국의 휴일 캘린더로 이동하세요. | E83: ="INSERT INTO tblHoliday (holiday, name) VALUES (TO_DATE('" & TEXT(B83,"yyyy-mm-dd") & "', 'YYYY-MM-DD'), '" & A83 & "');" -> INSERT INTO tblHoliday (holiday, name) VALUES (TO_DATE('2026-12-31', 'YYYY-MM-DD'), '섣달 그믐날');
A84: 새해첫날 | B84: 46388 | C84: 46389 | D84: 공휴일 | E84: ="INSERT INTO tblHoliday VALUES (seqHoliday.NEXTVAL, TO_DATE('" & TEXT(B84,"yyyy-mm-dd") & "', 'YYYY-MM-DD'), '" & A84 & "');" -> INSERT INTO tblHoliday VALUES (seqHoliday.NEXTVAL, TO_DATE('2027-01-01', 'YYYY-MM-DD'), '새해첫날');
A85: 설날 | B85: 46424 | C85: 46425 | D85: 공휴일 | E85: ="INSERT INTO tblHoliday VALUES (seqHoliday.NEXTVAL, TO_DATE('" & TEXT(B85,"yyyy-mm-dd") & "', 'YYYY-MM-DD'), '" & A85 & "');" -> INSERT INTO tblHoliday VALUES (seqHoliday.NEXTVAL, TO_DATE('2027-02-06', 'YYYY-MM-DD'), '설날');
A86: 설날 연휴 | B86: 46426 | C86: 46427 | D86: 공휴일 | E86: ="INSERT INTO tblHoliday VALUES (seqHoliday.NEXTVAL, TO_DATE('" & TEXT(B86,"yyyy-mm-dd") & "', 'YYYY-MM-DD'), '" & A86 & "');" -> INSERT INTO tblHoliday VALUES (seqHoliday.NEXTVAL, TO_DATE('2027-02-08', 'YYYY-MM-DD'), '설날 연휴');
A87: 삼일절 | B87: 46447 | C87: 46448 | D87: 공휴일 | E87: ="INSERT INTO tblHoliday VALUES (seqHoliday.NEXTVAL, TO_DATE('" & TEXT(B87,"yyyy-mm-dd") & "', 'YYYY-MM-DD'), '" & A87 & "');" -> INSERT INTO tblHoliday VALUES (seqHoliday.NEXTVAL, TO_DATE('2027-03-01', 'YYYY-MM-DD'), '삼일절');
A88: 식목일 | B88: 46482 | C88: 46483 | D88: 기념일 기념일을 숨기려면 Google Calendar 설정 > 대한민국의 휴일 캘린더로 이동하세요. | E88: ="INSERT INTO tblHoliday (holiday, name) VALUES (TO_DATE('" & TEXT(B88,"yyyy-mm-dd") & "', 'YYYY-MM-DD'), '" & A88 & "');" -> INSERT INTO tblHoliday (holiday, name) VALUES (TO_DATE('2027-04-05', 'YYYY-MM-DD'), '식목일');
A89: 노동절 | B89: 46508 | C89: 46509 | D89: 공휴일 | E89: ="INSERT INTO tblHoliday VALUES (seqHoliday.NEXTVAL, TO_DATE('" & TEXT(B89,"yyyy-mm-dd") & "', 'YYYY-MM-DD'), '" & A89 & "');" -> INSERT INTO tblHoliday VALUES (seqHoliday.NEXTVAL, TO_DATE('2027-05-01', 'YYYY-MM-DD'), '노동절');
A90: 어린이날 | B90: 46512 | C90: 46513 | D90: 공휴일 | E90: ="INSERT INTO tblHoliday VALUES (seqHoliday.NEXTVAL, TO_DATE('" & TEXT(B90,"yyyy-mm-dd") & "', 'YYYY-MM-DD'), '" & A90 & "');" -> INSERT INTO tblHoliday VALUES (seqHoliday.NEXTVAL, TO_DATE('2027-05-05', 'YYYY-MM-DD'), '어린이날');
A91: 어버이날 | B91: 46515 | C91: 46516 | D91: 기념일 기념일을 숨기려면 Google Calendar 설정 > 대한민국의 휴일 캘린더로 이동하세요. | E91: ="INSERT INTO tblHoliday (holiday, name) VALUES (TO_DATE('" & TEXT(B91,"yyyy-mm-dd") & "', 'YYYY-MM-DD'), '" & A91 & "');" -> INSERT INTO tblHoliday (holiday, name) VALUES (TO_DATE('2027-05-08', 'YYYY-MM-DD'), '어버이날');
A92: 부처님오신날 | B92: 46520 | C92: 46521 | D92: 공휴일 | E92: ="INSERT INTO tblHoliday VALUES (seqHoliday.NEXTVAL, TO_DATE('" & TEXT(B92,"yyyy-mm-dd") & "', 'YYYY-MM-DD'), '" & A92 & "');" -> INSERT INTO tblHoliday VALUES (seqHoliday.NEXTVAL, TO_DATE('2027-05-13', 'YYYY-MM-DD'), '부처님오신날');
A93: 스승의날 | B93: 46522 | C93: 46523 | D93: 기념일 기념일을 숨기려면 Google Calendar 설정 > 대한민국의 휴일 캘린더로 이동하세요. | E93: ="INSERT INTO tblHoliday (holiday, name) VALUES (TO_DATE('" & TEXT(B93,"yyyy-mm-dd") & "', 'YYYY-MM-DD'), '" & A93 & "');" -> INSERT INTO tblHoliday (holiday, name) VALUES (TO_DATE('2027-05-15', 'YYYY-MM-DD'), '스승의날');
A94: 현충일 | B94: 46544 | C94: 46545 | D94: 공휴일 | E94: ="INSERT INTO tblHoliday VALUES (seqHoliday.NEXTVAL, TO_DATE('" & TEXT(B94,"yyyy-mm-dd") & "', 'YYYY-MM-DD'), '" & A94 & "');" -> INSERT INTO tblHoliday VALUES (seqHoliday.NEXTVAL, TO_DATE('2027-06-06', 'YYYY-MM-DD'), '현충일');
A95: 제헌절 | B95: 46585 | C95: 46586 | D95: 기념일 기념일을 숨기려면 Google Calendar 설정 > 대한민국의 휴일 캘린더로 이동하세요. | E95: ="INSERT INTO tblHoliday (holiday, name) VALUES (TO_DATE('" & TEXT(B95,"yyyy-mm-dd") & "', 'YYYY-MM-DD'), '" & A95 & "');" -> INSERT INTO tblHoliday (holiday, name) VALUES (TO_DATE('2027-07-17', 'YYYY-MM-DD'), '제헌절');
A96: 광복절 | B96: 46614 | C96: 46615 | D96: 공휴일 | E96: ="INSERT INTO tblHoliday VALUES (seqHoliday.NEXTVAL, TO_DATE('" & TEXT(B96,"yyyy-mm-dd") & "', 'YYYY-MM-DD'), '" & A96 & "');" -> INSERT INTO tblHoliday VALUES (seqHoliday.NEXTVAL, TO_DATE('2027-08-15', 'YYYY-MM-DD'), '광복절');
A97: 추석 연휴 | B97: 46644 | C97: 46645 | D97: 공휴일 | E97: ="INSERT INTO tblHoliday VALUES (seqHoliday.NEXTVAL, TO_DATE('" & TEXT(B97,"yyyy-mm-dd") & "', 'YYYY-MM-DD'), '" & A97 & "');" -> INSERT INTO tblHoliday VALUES (seqHoliday.NEXTVAL, TO_DATE('2027-09-14', 'YYYY-MM-DD'), '추석 연휴');
A98: 추석 | B98: 46645 | C98: 46646 | D98: 공휴일 | E98: ="INSERT INTO tblHoliday VALUES (seqHoliday.NEXTVAL, TO_DATE('" & TEXT(B98,"yyyy-mm-dd") & "', 'YYYY-MM-DD'), '" & A98 & "');" -> INSERT INTO tblHoliday VALUES (seqHoliday.NEXTVAL, TO_DATE('2027-09-15', 'YYYY-MM-DD'), '추석');
A99: 추석 연휴 | B99: 46646 | C99: 46647 | D99: 공휴일 | E99: ="INSERT INTO tblHoliday VALUES (seqHoliday.NEXTVAL, TO_DATE('" & TEXT(B99,"yyyy-mm-dd") & "', 'YYYY-MM-DD'), '" & A99 & "');" -> INSERT INTO tblHoliday VALUES (seqHoliday.NEXTVAL, TO_DATE('2027-09-16', 'YYYY-MM-DD'), '추석 연휴');
A100: 국군의날 | B100: 46661 | C100: 46662 | D100: 기념일 기념일을 숨기려면 Google Calendar 설정 > 대한민국의 휴일 캘린더로 이동하세요. | E100: ="INSERT INTO tblHoliday (holiday, name) VALUES (TO_DATE('" & TEXT(B100,"yyyy-mm-dd") & "', 'YYYY-MM-DD'), '" & A100 & "');" -> INSERT INTO tblHoliday (holiday, name) VALUES (TO_DATE('2027-10-01', 'YYYY-MM-DD'), '국군의날');
...

Sheet tblLocker
A1: lockerNum | B1: classroomNum
A2: 1 | B2: 1 | D2: ="INSERT INTO tblLocker VALUES (" & A2 & ", " & B2 & ");" -> INSERT INTO tblLocker VALUES (1, 1);
A3: 2 | B3: 1 | D3: ="INSERT INTO tblLocker VALUES (" & A3 & ", " & B3 & ");" -> INSERT INTO tblLocker VALUES (2, 1);
A4: 3 | B4: 1 | D4: ="INSERT INTO tblLocker VALUES (" & A4 & ", " & B4 & ");" -> INSERT INTO tblLocker VALUES (3, 1);
A5: 4 | B5: 1 | D5: ="INSERT INTO tblLocker VALUES (" & A5 & ", " & B5 & ");" -> INSERT INTO tblLocker VALUES (4, 1);
A6: 5 | B6: 1 | D6: ="INSERT INTO tblLocker VALUES (" & A6 & ", " & B6 & ");" -> INSERT INTO tblLocker VALUES (5, 1);
A7: 6 | B7: 1 | D7: ="INSERT INTO tblLocker VALUES (" & A7 & ", " & B7 & ");" -> INSERT INTO tblLocker VALUES (6, 1);
A8: 7 | B8: 1 | D8: ="INSERT INTO tblLocker VALUES (" & A8 & ", " & B8 & ");" -> INSERT INTO tblLocker VALUES (7, 1);
A9: 8 | B9: 1 | D9: ="INSERT INTO tblLocker VALUES (" & A9 & ", " & B9 & ");" -> INSERT INTO tblLocker VALUES (8, 1);
A10: 9 | B10: 1 | D10: ="INSERT INTO tblLocker VALUES (" & A10 & ", " & B10 & ");" -> INSERT INTO tblLocker VALUES (9, 1);
A11: 10 | B11: 1 | D11: ="INSERT INTO tblLocker VALUES (" & A11 & ", " & B11 & ");" -> INSERT INTO tblLocker VALUES (10, 1);
A12: 11 | B12: 1 | D12: ="INSERT INTO tblLocker VALUES (" & A12 & ", " & B12 & ");" -> INSERT INTO tblLocker VALUES (11, 1);
A13: 12 | B13: 1 | D13: ="INSERT INTO tblLocker VALUES (" & A13 & ", " & B13 & ");" -> INSERT INTO tblLocker VALUES (12, 1);
... A169: 168 | B169: 6 | D169: ="INSERT INTO tblLocker VALUES (" & A169 & ", " & B169 & ");" -> INSERT INTO tblLocker VALUES (168, 6);

Sheet 더미데이터_tblSubject 
A1: 과목번호 | B1: 과목명 | C1: 과목분류 | D1: 수업기간 | E1: 과목번호 숫자
A2: seqSubject.nextval | B2: Java | C2: 공통 | D2: 16 | E2: 1 | H2: ="INSERT INTO tblSubject VALUES (" & A2 & ", '" & B2 & "', '" & C2 & "', " & D2 & ");" -> INSERT INTO tblSubject VALUES (seqSubject.nextval, 'Java', '공통', 16);
A3: seqSubject.nextval | B3: Oracle | C3: 공통 | D3: 16 | E3: 2 | H3: ="INSERT INTO tblSubject VALUES (" & A3 & ", '" & B3 & "', '" & C3 & "', " & D3 & ");" -> INSERT INTO tblSubject VALUES (seqSubject.nextval, 'Oracle', '공통', 16);
A4: seqSubject.nextval | B4: JDBC | C4: 공통 | D4: 17 | E4: 3 | H4: ="INSERT INTO tblSubject VALUES (" & A4 & ", '" & B4 & "', '" & C4 & "', " & D4 & ");" -> INSERT INTO tblSubject VALUES (seqSubject.nextval, 'JDBC', '공통', 17);
A5: seqSubject.nextval | B5: HTML | C5: 공통 | D5: 18 | E5: 4 | H5: ="INSERT INTO tblSubject VALUES (" & A5 & ", '" & B5 & "', '" & C5 & "', " & D5 & ");" -> INSERT INTO tblSubject VALUES (seqSubject.nextval, 'HTML', '공통', 18);
A6: seqSubject.nextval | B6: CSS | C6: 공통 | D6: 18 | E6: 5 | H6: ="INSERT INTO tblSubject VALUES (" & A6 & ", '" & B6 & "', '" & C6 & "', " & D6 & ");" -> INSERT INTO tblSubject VALUES (seqSubject.nextval, 'CSS', '공통', 18);
A7: seqSubject.nextval | B7: JavaScript | C7: 공통 | D7: 16 | E7: 6 | H7: ="INSERT INTO tblSubject VALUES (" & A7 & ", '" & B7 & "', '" & C7 & "', " & D7 & ");" -> INSERT INTO tblSubject VALUES (seqSubject.nextval, 'JavaScript', '공통', 16);
A8: seqSubject.nextval | B8: SQL 기초 | C8: 공통 | D8: 16 | E8: 7 | H8: ="INSERT INTO tblSubject VALUES (" & A8 & ", '" & B8 & "', '" & C8 & "', " & D8 & ");" -> INSERT INTO tblSubject VALUES (seqSubject.nextval, 'SQL 기초', '공통', 16);
A9: seqSubject.nextval | B9: 자료구조 | C9: 공통 | D9: 17 | E9: 8 | H9: ="INSERT INTO tblSubject VALUES (" & A9 & ", '" & B9 & "', '" & C9 & "', " & D9 & ");" -> INSERT INTO tblSubject VALUES (seqSubject.nextval, '자료구조', '공통', 17);
A10: seqSubject.nextval | B10: 운영체제 | C10: 공통 | D10: 18 | E10: 9 | H10: ="INSERT INTO tblSubject VALUES (" & A10 & ", '" & B10 & "', '" & C10 & "', " & D10 & ");" -> INSERT INTO tblSubject VALUES (seqSubject.nextval, '운영체제', '공통', 18);
A11: seqSubject.nextval | B11: 네트워크 | C11: 공통 | D11: 20 | E11: 10 | H11: ="INSERT INTO tblSubject VALUES (" & A11 & ", '" & B11 & "', '" & C11 & "', " & D11 & ");" -> INSERT INTO tblSubject VALUES (seqSubject.nextval, '네트워크', '공통', 20);
A12: seqSubject.nextval | B12: Git/GitHub | C12: 공통 | D12: 10 | E12: 11 | H12: ="INSERT INTO tblSubject VALUES (" & A12 & ", '" & B12 & "', '" & C12 & "', " & D12 & ");" -> INSERT INTO tblSubject VALUES (seqSubject.nextval, 'Git/GitHub', '공통', 10);
A13: seqSubject.nextval | B13: UML | C13: 공통 | D13: 17 | E13: 12 | H13: ="INSERT INTO tblSubject VALUES (" & A13 & ", '" & B13 & "', '" & C13 & "', " & D13 & ");" -> INSERT INTO tblSubject VALUES (seqSubject.nextval, 'UML', '공통', 17);
... A41: seqSubject.nextval | B41: 통계 기초 | C41: 선택 | D41: 10 | E41: 40 | H41: ="INSERT INTO tblSubject VALUES (" & A41 & ", '" & B41 & "', '" & C41 & "', " & D41 & ");" -> INSERT INTO tblSubject VALUES (seqSubject.nextval, '통계 기초', '선택', 10);

Sheet tblClassroom
A1: 강의실넘 | B1: 강의실명 | C1: 최대정원
A2: seqclassroom.nextval | B2: 1강의실 | C2: 30 | E2: ="INSERT INTO 테이블명 VALUES (" & A2 & ", '" & B2 & "', " & C2 & ");" -> INSERT INTO 테이블명 VALUES (seqclassroom.nextval, '1강의실', 30);
A3: seqclassroom.nextval | B3: 2강의실 | C3: 30 | E3: ="INSERT INTO 테이블명 VALUES (" & A3 & ", '" & B3 & "', " & C3 & ");" -> INSERT INTO 테이블명 VALUES (seqclassroom.nextval, '2강의실', 30);
A4: seqclassroom.nextval | B4: 3강의실 | C4: 30 | E4: ="INSERT INTO 테이블명 VALUES (" & A4 & ", '" & B4 & "', " & C4 & ");" -> INSERT INTO 테이블명 VALUES (seqclassroom.nextval, '3강의실', 30);
A5: seqclassroom.nextval | B5: 4강의실 | C5: 26 | E5: ="INSERT INTO 테이블명 VALUES (" & A5 & ", '" & B5 & "', " & C5 & ");" -> INSERT INTO 테이블명 VALUES (seqclassroom.nextval, '4강의실', 26);
A6: seqclassroom.nextval | B6: 5강의실 | C6: 26 | E6: ="INSERT INTO 테이블명 VALUES (" & A6 & ", '" & B6 & "', " & C6 & ");" -> INSERT INTO 테이블명 VALUES (seqclassroom.nextval, '5강의실', 26);
A7: seqclassroom.nextval | B7: 6강의실 | C7: 26 | E7: ="INSERT INTO 테이블명 VALUES (" & A7 & ", '" & B7 & "', " & C7 & ");" -> INSERT INTO 테이블명 VALUES (seqclassroom.nextval, '6강의실', 26);

Sheet tblTeacherSubject
A1: teacherSubjectNum | B1: teacherNum | C1: subjectNum
A2: seqTeacherSubject.nextval | B2: 1 | C2: 1 | E2: ="INSERT INTO tblTeacherSubject VALUES (" & A2 & ", '" & B2 & "', '" & C2 & "');" -> INSERT INTO tblTeacherSubject VALUES (seqTeacherSubject.nextval, '1', '1');
A3: seqTeacherSubject.nextval | B3: 1 | C3: 2 | E3: ="INSERT INTO tblTeacherSubject VALUES (" & A3 & ", '" & B3 & "', '" & C3 & "');" -> INSERT INTO tblTeacherSubject VALUES (seqTeacherSubject.nextval, '1', '2');
A4: seqTeacherSubject.nextval | B4: 1 | C4: 3 | E4: ="INSERT INTO tblTeacherSubject VALUES (" & A4 & ", '" & B4 & "', '" & C4 & "');" -> INSERT INTO tblTeacherSubject VALUES (seqTeacherSubject.nextval, '1', '3');
A5: seqTeacherSubject.nextval | B5: 1 | C5: 4 | E5: ="INSERT INTO tblTeacherSubject VALUES (" & A5 & ", '" & B5 & "', '" & C5 & "');" -> INSERT INTO tblTeacherSubject VALUES (seqTeacherSubject.nextval, '1', '4');
A6: seqTeacherSubject.nextval | B6: 1 | C6: 5 | E6: ="INSERT INTO tblTeacherSubject VALUES (" & A6 & ", '" & B6 & "', '" & C6 & "');" -> INSERT INTO tblTeacherSubject VALUES (seqTeacherSubject.nextval, '1', '5');
A7: seqTeacherSubject.nextval | B7: 1 | C7: 6 | E7: ="INSERT INTO tblTeacherSubject VALUES (" & A7 & ", '" & B7 & "', '" & C7 & "');" -> INSERT INTO tblTeacherSubject VALUES (seqTeacherSubject.nextval, '1', '6');
A8: seqTeacherSubject.nextval | B8: 1 | C8: 7 | E8: ="INSERT INTO tblTeacherSubject VALUES (" & A8 & ", '" & B8 & "', '" & C8 & "');" -> INSERT INTO tblTeacherSubject VALUES (seqTeacherSubject.nextval, '1', '7');
A9: seqTeacherSubject.nextval | B9: 1 | C9: 8 | E9: ="INSERT INTO tblTeacherSubject VALUES (" & A9 & ", '" & B9 & "', '" & C9 & "');" -> INSERT INTO tblTeacherSubject VALUES (seqTeacherSubject.nextval, '1', '8');
A10: seqTeacherSubject.nextval | B10: 1 | C10: 9 | E10: ="INSERT INTO tblTeacherSubject VALUES (" & A10 & ", '" & B10 & "', '" & C10 & "');" -> INSERT INTO tblTeacherSubject VALUES (seqTeacherSubject.nextval, '1', '9');
A11: seqTeacherSubject.nextval | B11: 1 | C11: 10 | E11: ="INSERT INTO tblTeacherSubject VALUES (" & A11 & ", '" & B11 & "', '" & C11 & "');" -> INSERT INTO tblTeacherSubject VALUES (seqTeacherSubject.nextval, '1', '10');
A12: seqTeacherSubject.nextval | B12: 1 | C12: 11 | E12: ="INSERT INTO tblTeacherSubject VALUES (" & A12 & ", '" & B12 & "', '" & C12 & "');" -> INSERT INTO tblTeacherSubject VALUES (seqTeacherSubject.nextval, '1', '11');
A13: seqTeacherSubject.nextval | B13: 1 | C13: 12 | E13: ="INSERT INTO tblTeacherSubject VALUES (" & A13 & ", '" & B13 & "', '" & C13 & "');" -> INSERT INTO tblTeacherSubject VALUES (seqTeacherSubject.nextval, '1', '12');
... A401: seqTeacherSubject.nextval | B401: 10 | C401: 40 | E401: ="INSERT INTO tblTeacherSubject VALUES (" & A401 & ", '" & B401 & "', '" & C401 & "');" -> INSERT INTO tblTeacherSubject VALUES (seqTeacherSubject.nextval, '10', '40');

Sheet 더미데이터_tblTeacher
A1: 넘버 | B1: 이름 | C1: 주민 | D1: 전화번호 | E1: 아이디 | F1: 비밀번호 | G1: 월급
